<?xml version="1.0" encoding="UTF-8"?><tns:cintaTestigoDigital xmlns:tns="http://ar.gob.afip.controladorfiscal/cinta_testigo_digital" xmlns:tns1="http://ar.gob.afip.controladorfiscal/afip" xmlns:tns2="http://ar.gob.afip.controladorfiscal/duplicados_electronicos" xmlns:tns3="http://ar.gob.afip.controladorfiscal/duplicados_electronicos_nf" xmlns:tns4="http://ar.gob.afip.controladorfiscal/duplicados_electronicos_donaciones" xmlns:xsi="http://www.w3.org/2001/XMLSchema-instance" xsi:schemaLocation="http://ar.gob.afip.controladorfiscal/cinta_testigo_digital cinta_testigo_digital.xsd"><controladorFiscal><codigoFabricaCF>AB</codigoFabricaCF><codigoMarcaCF>CD</codigoMarcaCF><codigoModeloCF>EF</codigoModeloCF><numeroSerieCF>1234567890</numeroSerieCF><versionEquipo>V: 01.01 Vesta</versionEquipo></controladorFiscal><cuitEmisor>23123456785</cuitEmisor><numeroPuntoVenta>12345</numeroPuntoVenta><fechaDesde>2016-11-30T00:00:00</fechaDesde><fechaHasta>2016-11-30T23:59:59</fechaHasta><arrayGruposComprobantesFiscales><grupoComprobantes><codigoTipoComprobante>081</codigoTipoComprobante><arrayDetallesComprobantes><detalleComprobante><numeroComprobante>00000001</numeroComprobante><tipoHabilitacionComprobante>1</tipoHabilitacionComprobante><idImpositivoReceptor>01</idImpositivoReceptor><fechaHoraEmision>2016-11-30T18:57:49</fechaHoraEmision><codigoMoneda>PES</codigoMoneda><cotizacionMoneda>1.0000</cotizacionMoneda><razonSocialReceptor>Nombre Comprador #1 Nombre Comprador #2</razonSocialReceptor><domicilioComercialReceptor>Domicilio Comprador #1 Domicilio Comprador #2 Domicilio Comprador #3</domicilioComercialReceptor><codigoTipoDocReceptor>80</codigoTipoDocReceptor><numeroDocReceptor>24272242549</numeroDocReceptor><textoLibre1>Nuevo Encabezado #1</textoLibre1><textoLibre3>Nueva Cola #1 Trail 2 Trail 3 Trail 4 Trail 5 Trail 6 Trail 7 Trail 8 Trail 9 Trail 10</textoLibre3><importeGravado>182.30</importeGravado><importeNoGravado>0</importeNoGravado><importeExento>0</importeExento><importeOtrosTributos>18.00</importeOtrosTributos><importeTotal>238.15</importeTotal><anulado>N</anulado><arrayFormasPago><formaPago><codigoFormaPago>23</codigoFormaPago><detalleOtra>Descripcion Pago #2</detalleOtra><textoLibre>CBU -878941494- Pago #2</textoLibre><importePago>45.00</importePago></formaPago><formaPago><codigoFormaPago>99</codigoFormaPago><detalleOtra>Descripcion Pago #3</detalleOtra><importePago>25.00</importePago></formaPago><formaPago><codigoFormaPago>08</codigoFormaPago><detalleOtra>Pago automatico</detalleOtra><importePago>168.15</importePago></formaPago></arrayFormasPago><arrayComprobantesAsociados><comprobanteAsociado><codigoTipoComprobante>083</codigoTipoComprobante><numeroPuntoVenta>00001</numeroPuntoVenta><numeroComprobante>00000027</numeroComprobante></comprobanteAsociado><comprobanteAsociado><codigoTipoComprobante>082</codigoTipoComprobante><numeroPuntoVenta>00003</numeroPuntoVenta><numeroComprobante>01003020</numeroComprobante></comprobanteAsociado></arrayComprobantesAsociados><arrayItems><item><codigo>CodigoInterno4567890123456789012345678901234567890</codigo><descripcion>Sardinas Descrip. Extra #1 Descrip. Extra #2 Descrip. Extra #3 Descrip. Extra #4</descripcion><cantidad>1.0000</cantidad><codigoUnidadMedida>01</codigoUnidadMedida><precioUnitario>100.0000</precioUnitario><codigoCondicionIVA>7</codigoCondicionIVA><porcentajeIVA>21.00</porcentajeIVA><importeIVA>21.00</importeIVA><importeItem>100.00</importeItem></item><item><codigo>CodigoInterno4567890123456789012345678901234567890</codigo><descripcion>ANUL. Sardinas Descrip. Extra #1 Descrip. Extra #2 Descrip. Extra #3 Descrip. Extra #4</descripcion><cantidad>1.0000</cantidad><codigoUnidadMedida>96</codigoUnidadMedida><precioUnitario>100.0000</precioUnitario><codigoCondicionIVA>7</codigoCondicionIVA><porcentajeIVA>21.00</porcentajeIVA><importeIVA>-21.00</importeIVA><importeItem>-100.00</importeItem></item><item><codigo>CodigoInterno9999999999999999999999678901234567890</codigo><descripcion>Tomates (item2) Rodondos (item2)</descripcion><cantidad>1.0000</cantidad><codigoUnidadMedida>01</codigoUnidadMedida><precioUnitario>100.0000</precioUnitario><codigoCondicionIVA>7</codigoCondicionIVA><porcentajeIVA>21.00</porcentajeIVA><importeIVA>21.00</importeIVA><importeItem>100.00</importeItem></item><item><codigo>CodigoInterno8228888999922229999999678901234567890</codigo><descripcion>BONIF. Cerveza (item3)</descripcion><codigoUnidadMedida>99</codigoUnidadMedida><codigoCondicionIVA>7</codigoCondicionIVA><porcentajeIVA>21.00</porcentajeIVA><importeIVA>-1.26</importeIVA><importeItem>-6.00</importeItem></item><item><codigo>CodigoInterno8228888999922229999999678901234567890</codigo><descripcion>AJUSTE Cerveza (item3)</descripcion><codigoUnidadMedida>91</codigoUnidadMedida><codigoCondicionIVA>7</codigoCondicionIVA><porcentajeIVA>21.00</porcentajeIVA><importeIVA>1.26</importeIVA><importeItem>6.00</importeItem></item><item><codigo>CodigoInterno5555588999922255999999600000000000001</codigo><descripcion>Banana (item4)</descripcion><cantidad>1.0000</cantidad><codigoUnidadMedida>01</codigoUnidadMedida><precioUnitario>2.3000</precioUnitario><codigoCondicionIVA>7</codigoCondicionIVA><porcentajeIVA>10.50</porcentajeIVA><importeIVA>0.24</importeIVA><importeItem>2.30</importeItem></item><item><codigo>CodigoInterno4567890123456789012345678901234567890</codigo><descripcion>DTO. Descuento global</descripcion><codigoUnidadMedida>99</codigoUnidadMedida><codigoCondicionIVA>7</codigoCondicionIVA><porcentajeIVA>21.00</porcentajeIVA><importeIVA>-2.05</importeIVA><importeItem>-9.78</importeItem></item><item><codigo>CodigoInterno4567890123456789012345678901234567890</codigo><descripcion>DTO. Descuento global</descripcion><codigoUnidadMedida>99</codigoUnidadMedida><codigoCondicionIVA>7</codigoCondicionIVA><porcentajeIVA>10.50</porcentajeIVA><importeIVA>-0.02</importeIVA><importeItem>-0.22</importeItem></item><item><codigo>CodigoInterno4567222222222229012222222201234567890</codigo><descripcion>AJUSTE Recargo global</descripcion><codigoUnidadMedida>91</codigoUnidadMedida><codigoCondicionIVA>7</codigoCondicionIVA><porcentajeIVA>21.00</porcentajeIVA><importeIVA>18.48</importeIVA><importeItem>87.98</importeItem></item><item><codigo>CodigoInterno4567222222222229012222222201234567890</codigo><descripcion>AJUSTE Recargo global</descripcion><codigoUnidadMedida>91</codigoUnidadMedida><codigoCondicionIVA>7</codigoCondicionIVA><porcentajeIVA>10.50</porcentajeIVA><importeIVA>0.21</importeIVA><importeItem>2.02</importeItem></item></arrayItems><arrayOtrosTributos><otroTributo><codigo>6</codigo><descripcion>Percepcion por Tasa de IVA</descripcion><importe>10.00</importe></otroTributo><otroTributo><codigo>9</codigo><descripcion>Otra Percepcion</descripcion><importe>5.00</importe></otroTributo><otroTributo><codigo>7</codigo><descripcion>Percepcion de IIBB</descripcion><importe>3.00</importe></otroTributo></arrayOtrosTributos><arraySubtotalesIVA><subtotalIVA><porcentajeIVA>21.00</porcentajeIVA><importe>37.42</importe></subtotalIVA><subtotalIVA><porcentajeIVA>10.50</porcentajeIVA><importe>0.43</importe></subtotalIVA></arraySubtotalesIVA></detalleComprobante></arrayDetallesComprobantes></grupoComprobantes><grupoComprobantes><codigoTipoComprobante>082</codigoTipoComprobante><arrayDetallesComprobantes><detalleComprobante><numeroComprobante>00000001</numeroComprobante><idImpositivoReceptor>06</idImpositivoReceptor><fechaHoraEmision>2016-11-30T18:57:53</fechaHoraEmision><codigoMoneda>PES</codigoMoneda><cotizacionMoneda>1.0000</cotizacionMoneda><razonSocialReceptor>Nombre Comprador #1 Nombre Comprador #2</razonSocialReceptor><domicilioComercialReceptor>Domicilio Comprador #1 Domicilio Comprador #2 Domicilio Comprador #3</domicilioComercialReceptor><codigoTipoDocReceptor>80</codigoTipoDocReceptor><numeroDocReceptor>24272242549</numeroDocReceptor><textoLibre1>Nuevo Encabezado #1</textoLibre1><textoLibre3>Nueva Cola #1 Trail 2 Trail 3 Trail 4 Trail 5 Trail 6 Trail 7 Trail 8 Trail 9 Trail 10</textoLibre3><importeOtrosTributos>8.00</importeOtrosTributos><importeTotal>211.54</importeTotal><anulado>N</anulado><arrayFormasPago><formaPago><codigoFormaPago>23</codigoFormaPago><detalleOtra>Descripcion Pago #2</detalleOtra><textoLibre>CBU -878941494- Pago #2</textoLibre><importePago>45.00</importePago></formaPago><formaPago><codigoFormaPago>99</codigoFormaPago><detalleOtra>Descripcion Pago #3</detalleOtra><importePago>25.00</importePago></formaPago><formaPago><codigoFormaPago>08</codigoFormaPago><detalleOtra>Pago automatico</detalleOtra><importePago>141.54</importePago></formaPago></arrayFormasPago><arrayComprobantesAsociados><comprobanteAsociado><codigoTipoComprobante>083</codigoTipoComprobante><numeroPuntoVenta>00001</numeroPuntoVenta><numeroComprobante>00000027</numeroComprobante></comprobanteAsociado><comprobanteAsociado><codigoTipoComprobante>082</codigoTipoComprobante><numeroPuntoVenta>00003</numeroPuntoVenta><numeroComprobante>01003020</numeroComprobante></comprobanteAsociado></arrayComprobantesAsociados><arrayItems><item><codigo>CodigoInterno4567890123456789012345678901234567890</codigo><descripcion>Sardinas Descrip. Extra #1 Descrip. Extra #2 Descrip. Extra #3 Descrip. Extra #4</descripcion><cantidad>1.0000</cantidad><codigoUnidadMedida>01</codigoUnidadMedida><precioUnitario>121.0000</precioUnitario><codigoCondicionIVA>7</codigoCondicionIVA><porcentajeIVA>21.00</porcentajeIVA><importeIVA>21.00</importeIVA><importeItem>121.00</importeItem></item><item><codigo>CodigoInterno4567890123456789012345678901234567890</codigo><descripcion>ANUL. Sardinas Descrip. Extra #1 Descrip. Extra #2 Descrip. Extra #3 Descrip. Extra #4</descripcion><cantidad>1.0000</cantidad><codigoUnidadMedida>96</codigoUnidadMedida><precioUnitario>121.0000</precioUnitario><codigoCondicionIVA>7</codigoCondicionIVA><porcentajeIVA>21.00</porcentajeIVA><importeIVA>-21.00</importeIVA><importeItem>-121.00</importeItem></item><item><codigo>CodigoInterno9999999999999999999999678901234567890</codigo><descripcion>Tomates (item2) Rodondos (item2)</descripcion><cantidad>1.0000</cantidad><codigoUnidadMedida>01</codigoUnidadMedida><precioUnitario>121.0000</precioUnitario><codigoCondicionIVA>7</codigoCondicionIVA><porcentajeIVA>21.00</porcentajeIVA><importeIVA>21.00</importeIVA><importeItem>121.00</importeItem></item><item><codigo>CodigoInterno8228888999922229999999678901234567890</codigo><descripcion>BONIF. Cerveza (item3)</descripcion><codigoUnidadMedida>99</codigoUnidadMedida><codigoCondicionIVA>7</codigoCondicionIVA><porcentajeIVA>21.00</porcentajeIVA><importeIVA>-1.26</importeIVA><importeItem>-7.26</importeItem></item><item><codigo>CodigoInterno8228888999922229999999678901234567890</codigo><descripcion>AJUSTE Cerveza (item3)</descripcion><codigoUnidadMedida>91</codigoUnidadMedida><codigoCondicionIVA>7</codigoCondicionIVA><porcentajeIVA>21.00</porcentajeIVA><importeIVA>1.26</importeIVA><importeItem>7.26</importeItem></item><item><codigo>CodigoInterno5555588999922255999999600000000000001</codigo><descripcion>Banana (item4)</descripcion><cantidad>1.0000</cantidad><codigoUnidadMedida>01</codigoUnidadMedida><precioUnitario>2.5415</precioUnitario><codigoCondicionIVA>7</codigoCondicionIVA><porcentajeIVA>10.50</porcentajeIVA><importeIVA>0.24</importeIVA><importeItem>2.54</importeItem></item><item><codigo>CodigoInterno4567890123456789012345678901234567890</codigo><descripcion>DTO. Descuento global</descripcion><codigoUnidadMedida>99</codigoUnidadMedida><codigoCondicionIVA>7</codigoCondicionIVA><porcentajeIVA>21.00</porcentajeIVA><importeIVA>-1.70</importeIVA><importeItem>-9.80</importeItem></item><item><codigo>CodigoInterno4567890123456789012345678901234567890</codigo><descripcion>DTO. Descuento global</descripcion><codigoUnidadMedida>99</codigoUnidadMedida><codigoCondicionIVA>7</codigoCondicionIVA><porcentajeIVA>10.50</porcentajeIVA><importeIVA>-0.02</importeIVA><importeItem>-0.20</importeItem></item><item><codigo>CodigoInterno4567222222222229012222222201234567890</codigo><descripcion>AJUSTE Recargo global</descripcion><codigoUnidadMedida>91</codigoUnidadMedida><codigoCondicionIVA>7</codigoCondicionIVA><porcentajeIVA>21.00</porcentajeIVA><importeIVA>15.30</importeIVA><importeItem>88.15</importeItem></item><item><codigo>CodigoInterno4567222222222229012222222201234567890</codigo><descripcion>AJUSTE Recargo global</descripcion><codigoUnidadMedida>91</codigoUnidadMedida><codigoCondicionIVA>7</codigoCondicionIVA><porcentajeIVA>10.50</porcentajeIVA><importeIVA>0.18</importeIVA><importeItem>1.85</importeItem></item></arrayItems><arrayOtrosTributos><otroTributo><codigo>9</codigo><descripcion>Otra Percepcion</descripcion><importe>5.00</importe></otroTributo><otroTributo><codigo>7</codigo><descripcion>Percepcion de IIBB</descripcion><importe>3.00</importe></otroTributo></arrayOtrosTributos><arraySubtotalesIVA><subtotalIVA><porcentajeIVA>21.00</porcentajeIVA><importe>34.60</importe></subtotalIVA><subtotalIVA><porcentajeIVA>10.50</porcentajeIVA><importe>0.40</importe></subtotalIVA></arraySubtotalesIVA></detalleComprobante></arrayDetallesComprobantes></grupoComprobantes><grupoComprobantes><codigoTipoComprobante>083</codigoTipoComprobante><arrayDetallesComprobantes><detalleComprobante><numeroComprobante>00000001</numeroComprobante><idImpositivoReceptor>05</idImpositivoReceptor><fechaHoraEmision>2016-11-30T18:57:44</fechaHoraEmision><codigoMoneda>PES</codigoMoneda><cotizacionMoneda>1.0000</cotizacionMoneda><textoLibre1>Nuevo Encabezado #1</textoLibre1><textoLibre3>Nueva Cola #1 Trail 2 Trail 3 Trail 4 Trail 5 Trail 6 Trail 7 Trail 8 Trail 9 Trail 10</textoLibre3><importeTotal>192.41</importeTotal><anulado>N</anulado><arrayFormasPago><formaPago><codigoFormaPago>08</codigoFormaPago><detalleOtra>Pago automatico</detalleOtra><importePago>192.41</importePago></formaPago></arrayFormasPago><arrayItems><item><codigo>CodigoInterno4567890123456789012345678901234567890</codigo><descripcion>Sardinas Descrip. Extra #1 Descrip. Extra #2 Descrip. Extra #3 Descrip. Extra #4</descripcion><cantidad>1.1234</cantidad><codigoUnidadMedida>01</codigoUnidadMedida><precioUnitario>100.1234</precioUnitario><porcentajeBaseIVA>16.12</porcentajeBaseIVA><impuestoInternoItem>8.00</impuestoInternoItem><codigoCondicionIVA>7</codigoCondicionIVA><porcentajeIVA>21.00</porcentajeIVA><importeIVA>18.13</importeIVA><importeItem>112.48</importeItem></item><item><codigo>CodigoInterno4567890123456789012345678901234567890</codigo><descripcion>DTO. Descuento global</descripcion><codigoUnidadMedida>99</codigoUnidadMedida><codigoCondicionIVA>7</codigoCondicionIVA><porcentajeIVA>21.00</porcentajeIVA><importeIVA>-1.75</importeIVA><importeItem>-10.10</importeItem></item><item><codigo>CodigoInterno4567891123456789012345678901234567891</codigo><descripcion>AJUSTE Recargo global</descripcion><codigoUnidadMedida>91</codigoUnidadMedida><codigoCondicionIVA>7</codigoCondicionIVA><porcentajeIVA>21.00</porcentajeIVA><importeIVA>15.63</importeIVA><importeItem>90.03</importeItem></item></arrayItems><arraySubtotalesIVA><subtotalIVA><porcentajeIVA>21.00</porcentajeIVA><importe>32.00</importe></subtotalIVA></arraySubtotalesIVA></detalleComprobante><detalleComprobante><numeroComprobante>00000002</numeroComprobante><idImpositivoReceptor>05</idImpositivoReceptor><fechaHoraEmision>2016-11-30T18:57:47</fechaHoraEmision><codigoMoneda>PES</codigoMoneda><cotizacionMoneda>1.0000</cotizacionMoneda><textoLibre1>Nuevo Encabezado #1</textoLibre1><textoLibre3>Nueva Cola #1 Trail 2 Trail 3 Trail 4 Trail 5 Trail 6 Trail 7 Trail 8 Trail 9 Trail 10</textoLibre3><importeTotal>1400.99</importeTotal><anulado>N</anulado><arrayFormasPago><formaPago><codigoFormaPago>08</codigoFormaPago><detalleOtra>Pago automatico</detalleOtra><importePago>1400.99</importePago></formaPago></arrayFormasPago><arrayItems><item><codigo>CodigoInterno4567890123456789012345678901234567890</codigo><descripcion>Sardinas Descrip. Extra #1 Descrip. Extra #2 Descrip. Extra #3 Descrip. Extra #4</descripcion><cantidad>1.0000</cantidad><codigoUnidadMedida>01</codigoUnidadMedida><precioUnitario>0.1200</precioUnitario><codigoCondicionIVA>7</codigoCondicionIVA><porcentajeIVA>21.00</porcentajeIVA><importeIVA>0.02</importeIVA><importeItem>0.12</importeItem></item><item><codigo>CodigoInterno5555588999922255999999600000000000001</codigo><descripcion>Banana (item2)</descripcion><cantidad>10.0000</cantidad><codigoUnidadMedida>01</codigoUnidadMedida><precioUnitario>132.0870</precioUnitario><codigoCondicionIVA>7</codigoCondicionIVA><porcentajeIVA>21.00</porcentajeIVA><importeIVA>229.24</importeIVA><importeItem>1320.87</importeItem></item><item><codigo>CodigoInterno4567890123456789012345678901234567890</codigo><descripcion>DTO. Descuento global</descripcion><codigoUnidadMedida>99</codigoUnidadMedida><codigoCondicionIVA>7</codigoCondicionIVA><porcentajeIVA>21.00</porcentajeIVA><importeIVA>-1.74</importeIVA><importeItem>-10.00</importeItem></item><item><codigo>CodigoInterno4567890122222222222225678901234567892</codigo><descripcion>AJUSTE Recargo global</descripcion><codigoUnidadMedida>91</codigoUnidadMedida><codigoCondicionIVA>7</codigoCondicionIVA><porcentajeIVA>21.00</porcentajeIVA><importeIVA>15.62</importeIVA><importeItem>90.00</importeItem></item></arrayItems><arraySubtotalesIVA><subtotalIVA><porcentajeIVA>21.00</porcentajeIVA><importe>243.15</importe></subtotalIVA></arraySubtotalesIVA></detalleComprobante></arrayDetallesComprobantes></grupoComprobantes><grupoComprobantes><codigoTipoComprobante>112</codigoTipoComprobante><arrayDetallesComprobantes><detalleComprobante><numeroComprobante>00000001</numeroComprobante><tipoHabilitacionComprobante>1</tipoHabilitacionComprobante><idImpositivoReceptor>01</idImpositivoReceptor><fechaHoraEmision>2016-11-30T18:58:05</fechaHoraEmision><codigoMoneda>PES</codigoMoneda><cotizacionMoneda>1.0000</cotizacionMoneda><razonSocialReceptor>Nombre Comprador #1 Nombre Comprador #2</razonSocialReceptor><domicilioComercialReceptor>Domicilio Comprador #1 Domicilio Comprador #2 Domicilio Comprador #3</domicilioComercialReceptor><codigoTipoDocReceptor>80</codigoTipoDocReceptor><numeroDocReceptor>24272242549</numeroDocReceptor><textoLibre1>Nuevo Encabezado #1</textoLibre1><textoLibre3>Nueva Cola #1 Trail 2 Trail 3 Trail 4 Trail 5 Trail 6 Trail 7 Trail 8 Trail 9 Trail 10</textoLibre3><importeGravado>182.30</importeGravado><importeNoGravado>0</importeNoGravado><importeExento>0</importeExento><importeOtrosTributos>18.00</importeOtrosTributos><importeTotal>238.15</importeTotal><anulado>N</anulado><arrayFormasPago><formaPago><codigoFormaPago>23</codigoFormaPago><detalleOtra>Descripcion Pago #2</detalleOtra><textoLibre>CBU -878941494- Pago #2</textoLibre><importePago>45.00</importePago></formaPago><formaPago><codigoFormaPago>99</codigoFormaPago><detalleOtra>Descripcion Pago #3</detalleOtra><importePago>25.00</importePago></formaPago></arrayFormasPago><arrayComprobantesAsociados><comprobanteAsociado><codigoTipoComprobante>083</codigoTipoComprobante><numeroPuntoVenta>00001</numeroPuntoVenta><numeroComprobante>00000027</numeroComprobante></comprobanteAsociado><comprobanteAsociado><codigoTipoComprobante>082</codigoTipoComprobante><numeroPuntoVenta>00003</numeroPuntoVenta><numeroComprobante>01003020</numeroComprobante></comprobanteAsociado><comprobanteAsociado><codigoTipoComprobante>081</codigoTipoComprobante><numeroPuntoVenta>00005</numeroPuntoVenta><numeroComprobante>00007777</numeroComprobante></comprobanteAsociado></arrayComprobantesAsociados><arrayItems><item><codigo>CodigoInterno4567890123456789012345678901234567890</codigo><descripcion>Sardinas Descrip. Extra #1 Descrip. Extra #2 Descrip. Extra #3 Descrip. Extra #4</descripcion><cantidad>1.0000</cantidad><codigoUnidadMedida>01</codigoUnidadMedida><precioUnitario>100.0000</precioUnitario><codigoCondicionIVA>7</codigoCondicionIVA><porcentajeIVA>21.00</porcentajeIVA><importeIVA>21.00</importeIVA><importeItem>100.00</importeItem></item><item><codigo>CodigoInterno4567890123456789012345678901234567890</codigo><descripcion>ANUL. Sardinas Descrip. Extra #1 Descrip. Extra #2 Descrip. Extra #3 Descrip. Extra #4</descripcion><cantidad>1.0000</cantidad><codigoUnidadMedida>96</codigoUnidadMedida><precioUnitario>100.0000</precioUnitario><codigoCondicionIVA>7</codigoCondicionIVA><porcentajeIVA>21.00</porcentajeIVA><importeIVA>-21.00</importeIVA><importeItem>-100.00</importeItem></item><item><codigo>CodigoInterno9999999999999999999999678901234567890</codigo><descripcion>Tomates (item2) Rodondos (item2)</descripcion><cantidad>1.0000</cantidad><codigoUnidadMedida>01</codigoUnidadMedida><precioUnitario>100.0000</precioUnitario><codigoCondicionIVA>7</codigoCondicionIVA><porcentajeIVA>21.00</porcentajeIVA><importeIVA>21.00</importeIVA><importeItem>100.00</importeItem></item><item><codigo>CodigoInterno8228888999922229999999678901234567890</codigo><descripcion>BONIF. Cerveza (item3)</descripcion><codigoUnidadMedida>99</codigoUnidadMedida><codigoCondicionIVA>7</codigoCondicionIVA><porcentajeIVA>21.00</porcentajeIVA><importeIVA>-1.26</importeIVA><importeItem>-6.00</importeItem></item><item><codigo>CodigoInterno8228888999922229999999678901234567890</codigo><descripcion>AJUSTE Cerveza (item3)</descripcion><codigoUnidadMedida>91</codigoUnidadMedida><codigoCondicionIVA>7</codigoCondicionIVA><porcentajeIVA>21.00</porcentajeIVA><importeIVA>1.26</importeIVA><importeItem>6.00</importeItem></item><item><codigo>CodigoInterno5555588999922255999999600000000000001</codigo><descripcion>Banana (item4)</descripcion><cantidad>1.0000</cantidad><codigoUnidadMedida>01</codigoUnidadMedida><precioUnitario>2.3000</precioUnitario><codigoCondicionIVA>7</codigoCondicionIVA><porcentajeIVA>10.50</porcentajeIVA><importeIVA>0.24</importeIVA><importeItem>2.30</importeItem></item><item><codigo>CodigoInterno4567890123456789012345678901234567890</codigo><descripcion>DTO. Descuento global</descripcion><codigoUnidadMedida>99</codigoUnidadMedida><codigoCondicionIVA>7</codigoCondicionIVA><porcentajeIVA>21.00</porcentajeIVA><importeIVA>-2.05</importeIVA><importeItem>-9.78</importeItem></item><item><codigo>CodigoInterno4567890123456789012345678901234567890</codigo><descripcion>DTO. Descuento global</descripcion><codigoUnidadMedida>99</codigoUnidadMedida><codigoCondicionIVA>7</codigoCondicionIVA><porcentajeIVA>10.50</porcentajeIVA><importeIVA>-0.02</importeIVA><importeItem>-0.22</importeItem></item><item><codigo>CodigoInterno4567222222222229012222222201234567890</codigo><descripcion>AJUSTE Recargo global</descripcion><codigoUnidadMedida>91</codigoUnidadMedida><codigoCondicionIVA>7</codigoCondicionIVA><porcentajeIVA>21.00</porcentajeIVA><importeIVA>18.48</importeIVA><importeItem>87.98</importeItem></item><item><codigo>CodigoInterno4567222222222229012222222201234567890</codigo><descripcion>AJUSTE Recargo global</descripcion><codigoUnidadMedida>91</codigoUnidadMedida><codigoCondicionIVA>7</codigoCondicionIVA><porcentajeIVA>10.50</porcentajeIVA><importeIVA>0.21</importeIVA><importeItem>2.02</importeItem></item></arrayItems><arrayOtrosTributos><otroTributo><codigo>6</codigo><descripcion>Percepcion por Tasa de IVA</descripcion><importe>10.00</importe></otroTributo><otroTributo><codigo>9</codigo><descripcion>Otra Percepcion</descripcion><importe>5.00</importe></otroTributo><otroTributo><codigo>7</codigo><descripcion>Percepcion de IIBB</descripcion><importe>3.00</importe></otroTributo></arrayOtrosTributos><arraySubtotalesIVA><subtotalIVA><porcentajeIVA>21.00</porcentajeIVA><importe>37.42</importe></subtotalIVA><subtotalIVA><porcentajeIVA>10.50</porcentajeIVA><importe>0.43</importe></subtotalIVA></arraySubtotalesIVA></detalleComprobante></arrayDetallesComprobantes></grupoComprobantes><grupoComprobantes><codigoTipoComprobante>113</codigoTipoComprobante><arrayDetallesComprobantes><detalleComprobante><numeroComprobante>00000001</numeroComprobante><idImpositivoReceptor>06</idImpositivoReceptor><fechaHoraEmision>2016-11-30T18:58:09</fechaHoraEmision><codigoMoneda>PES</codigoMoneda><cotizacionMoneda>1.0000</cotizacionMoneda><razonSocialReceptor>Nombre Comprador #1 Nombre Comprador #2</razonSocialReceptor><domicilioComercialReceptor>Domicilio Comprador #1 Domicilio Comprador #2 Domicilio Comprador #3</domicilioComercialReceptor><codigoTipoDocReceptor>80</codigoTipoDocReceptor><numeroDocReceptor>24272242549</numeroDocReceptor><textoLibre1>Nuevo Encabezado #1</textoLibre1><textoLibre3>Nueva Cola #1 Trail 2 Trail 3 Trail 4 Trail 5 Trail 6 Trail 7 Trail 8 Trail 9 Trail 10</textoLibre3><importeOtrosTributos>8.00</importeOtrosTributos><importeTotal>211.54</importeTotal><anulado>N</anulado><arrayFormasPago><formaPago><codigoFormaPago>23</codigoFormaPago><detalleOtra>Descripcion Pago #2</detalleOtra><textoLibre>CBU -878941494- Pago #2</textoLibre><importePago>45.00</importePago></formaPago><formaPago><codigoFormaPago>99</codigoFormaPago><detalleOtra>Descripcion Pago #3</detalleOtra><importePago>25.00</importePago></formaPago></arrayFormasPago><arrayComprobantesAsociados><comprobanteAsociado><codigoTipoComprobante>083</codigoTipoComprobante><numeroPuntoVenta>00001</numeroPuntoVenta><numeroComprobante>00000027</numeroComprobante></comprobanteAsociado><comprobanteAsociado><codigoTipoComprobante>082</codigoTipoComprobante><numeroPuntoVenta>00003</numeroPuntoVenta><numeroComprobante>01003020</numeroComprobante></comprobanteAsociado><comprobanteAsociado><codigoTipoComprobante>081</codigoTipoComprobante><numeroPuntoVenta>00005</numeroPuntoVenta><numeroComprobante>00007777</numeroComprobante></comprobanteAsociado></arrayComprobantesAsociados><arrayItems><item><codigo>CodigoInterno4567890123456789012345678901234567890</codigo><descripcion>Sardinas Descrip. Extra #1 Descrip. Extra #2 Descrip. Extra #3 Descrip. Extra #4</descripcion><cantidad>1.0000</cantidad><codigoUnidadMedida>01</codigoUnidadMedida><precioUnitario>121.0000</precioUnitario><codigoCondicionIVA>7</codigoCondicionIVA><porcentajeIVA>21.00</porcentajeIVA><importeIVA>21.00</importeIVA><importeItem>121.00</importeItem></item><item><codigo>CodigoInterno4567890123456789012345678901234567890</codigo><descripcion>ANUL. Sardinas Descrip. Extra #1 Descrip. Extra #2 Descrip. Extra #3 Descrip. Extra #4</descripcion><cantidad>1.0000</cantidad><codigoUnidadMedida>96</codigoUnidadMedida><precioUnitario>121.0000</precioUnitario><codigoCondicionIVA>7</codigoCondicionIVA><porcentajeIVA>21.00</porcentajeIVA><importeIVA>-21.00</importeIVA><importeItem>-121.00</importeItem></item><item><codigo>CodigoInterno9999999999999999999999678901234567890</codigo><descripcion>Tomates (item2) Rodondos (item2)</descripcion><cantidad>1.0000</cantidad><codigoUnidadMedida>01</codigoUnidadMedida><precioUnitario>121.0000</precioUnitario><codigoCondicionIVA>7</codigoCondicionIVA><porcentajeIVA>21.00</porcentajeIVA><importeIVA>21.00</importeIVA><importeItem>121.00</importeItem></item><item><codigo>CodigoInterno8228888999922229999999678901234567890</codigo><descripcion>BONIF. Cerveza (item3)</descripcion><codigoUnidadMedida>99</codigoUnidadMedida><codigoCondicionIVA>7</codigoCondicionIVA><porcentajeIVA>21.00</porcentajeIVA><importeIVA>-1.26</importeIVA><importeItem>-7.26</importeItem></item><item><codigo>CodigoInterno8228888999922229999999678901234567890</codigo><descripcion>AJUSTE Cerveza (item3)</descripcion><codigoUnidadMedida>91</codigoUnidadMedida><codigoCondicionIVA>7</codigoCondicionIVA><porcentajeIVA>21.00</porcentajeIVA><importeIVA>1.26</importeIVA><importeItem>7.26</importeItem></item><item><codigo>CodigoInterno5555588999922255999999600000000000001</codigo><descripcion>Banana (item4)</descripcion><cantidad>1.0000</cantidad><codigoUnidadMedida>01</codigoUnidadMedida><precioUnitario>2.5415</precioUnitario><codigoCondicionIVA>7</codigoCondicionIVA><porcentajeIVA>10.50</porcentajeIVA><importeIVA>0.24</importeIVA><importeItem>2.54</importeItem></item><item><codigo>CodigoInterno4567890123456789012345678901234567890</codigo><descripcion>DTO. Descuento global</descripcion><codigoUnidadMedida>99</codigoUnidadMedida><codigoCondicionIVA>7</codigoCondicionIVA><porcentajeIVA>21.00</porcentajeIVA><importeIVA>-1.70</importeIVA><importeItem>-9.80</importeItem></item><item><codigo>CodigoInterno4567890123456789012345678901234567890</codigo><descripcion>DTO. Descuento global</descripcion><codigoUnidadMedida>99</codigoUnidadMedida><codigoCondicionIVA>7</codigoCondicionIVA><porcentajeIVA>10.50</porcentajeIVA><importeIVA>-0.02</importeIVA><importeItem>-0.20</importeItem></item><item><codigo>CodigoInterno4567222222222229012222222201234567890</codigo><descripcion>AJUSTE Recargo global</descripcion><codigoUnidadMedida>91</codigoUnidadMedida><codigoCondicionIVA>7</codigoCondicionIVA><porcentajeIVA>21.00</porcentajeIVA><importeIVA>15.30</importeIVA><importeItem>88.15</importeItem></item><item><codigo>CodigoInterno4567222222222229012222222201234567890</codigo><descripcion>AJUSTE Recargo global</descripcion><codigoUnidadMedida>91</codigoUnidadMedida><codigoCondicionIVA>7</codigoCondicionIVA><porcentajeIVA>10.50</porcentajeIVA><importeIVA>0.18</importeIVA><importeItem>1.85</importeItem></item></arrayItems><arrayOtrosTributos><otroTributo><codigo>9</codigo><descripcion>Otra Percepcion</descripcion><importe>5.00</importe></otroTributo><otroTributo><codigo>7</codigo><descripcion>Percepcion de IIBB</descripcion><importe>3.00</importe></otroTributo></arrayOtrosTributos><arraySubtotalesIVA><subtotalIVA><porcentajeIVA>21.00</porcentajeIVA><importe>34.60</importe></subtotalIVA><subtotalIVA><porcentajeIVA>10.50</porcentajeIVA><importe>0.40</importe></subtotalIVA></arraySubtotalesIVA></detalleComprobante></arrayDetallesComprobantes></grupoComprobantes><grupoComprobantes><codigoTipoComprobante>115</codigoTipoComprobante><arrayDetallesComprobantes><detalleComprobante><numeroComprobante>00000001</numeroComprobante><tipoHabilitacionComprobante>1</tipoHabilitacionComprobante><idImpositivoReceptor>01</idImpositivoReceptor><fechaHoraEmision>2016-11-30T18:57:57</fechaHoraEmision><codigoMoneda>PES</codigoMoneda><cotizacionMoneda>1.0000</cotizacionMoneda><razonSocialReceptor>Nombre Comprador #1 Nombre Comprador #2</razonSocialReceptor><domicilioComercialReceptor>Domicilio Comprador #1 Domicilio Comprador #2 Domicilio Comprador #3</domicilioComercialReceptor><codigoTipoDocReceptor>80</codigoTipoDocReceptor><numeroDocReceptor>24272242549</numeroDocReceptor><textoLibre1>Nuevo Encabezado #1</textoLibre1><textoLibre3>Nueva Cola #1 Trail 2 Trail 3 Trail 4 Trail 5 Trail 6 Trail 7 Trail 8 Trail 9 Trail 10</textoLibre3><importeGravado>182.30</importeGravado><importeNoGravado>0</importeNoGravado><importeExento>0</importeExento><importeOtrosTributos>18.00</importeOtrosTributos><importeTotal>238.15</importeTotal><anulado>N</anulado><arrayFormasPago><formaPago><codigoFormaPago>23</codigoFormaPago><detalleOtra>Descripcion Pago #2</detalleOtra><textoLibre>CBU -878941494- Pago #2</textoLibre><importePago>45.00</importePago></formaPago><formaPago><codigoFormaPago>99</codigoFormaPago><detalleOtra>Descripcion Pago #3</detalleOtra><importePago>25.00</importePago></formaPago><formaPago><codigoFormaPago>08</codigoFormaPago><detalleOtra>Pago automatico</detalleOtra><importePago>168.15</importePago></formaPago></arrayFormasPago><arrayComprobantesAsociados><comprobanteAsociado><codigoTipoComprobante>083</codigoTipoComprobante><numeroPuntoVenta>00001</numeroPuntoVenta><numeroComprobante>00000027</numeroComprobante></comprobanteAsociado><comprobanteAsociado><codigoTipoComprobante>082</codigoTipoComprobante><numeroPuntoVenta>00003</numeroPuntoVenta><numeroComprobante>01003020</numeroComprobante></comprobanteAsociado></arrayComprobantesAsociados><arrayItems><item><codigo>CodigoInterno4567890123456789012345678901234567890</codigo><descripcion>Sardinas Descrip. Extra #1 Descrip. Extra #2 Descrip. Extra #3 Descrip. Extra #4</descripcion><cantidad>1.0000</cantidad><codigoUnidadMedida>01</codigoUnidadMedida><precioUnitario>100.0000</precioUnitario><codigoCondicionIVA>7</codigoCondicionIVA><porcentajeIVA>21.00</porcentajeIVA><importeIVA>21.00</importeIVA><importeItem>100.00</importeItem></item><item><codigo>CodigoInterno4567890123456789012345678901234567890</codigo><descripcion>ANUL. Sardinas Descrip. Extra #1 Descrip. Extra #2 Descrip. Extra #3 Descrip. Extra #4</descripcion><cantidad>1.0000</cantidad><codigoUnidadMedida>96</codigoUnidadMedida><precioUnitario>100.0000</precioUnitario><codigoCondicionIVA>7</codigoCondicionIVA><porcentajeIVA>21.00</porcentajeIVA><importeIVA>-21.00</importeIVA><importeItem>-100.00</importeItem></item><item><codigo>CodigoInterno9999999999999999999999678901234567890</codigo><descripcion>Tomates (item2) Rodondos (item2)</descripcion><cantidad>1.0000</cantidad><codigoUnidadMedida>01</codigoUnidadMedida><precioUnitario>100.0000</precioUnitario><codigoCondicionIVA>7</codigoCondicionIVA><porcentajeIVA>21.00</porcentajeIVA><importeIVA>21.00</importeIVA><importeItem>100.00</importeItem></item><item><codigo>CodigoInterno8228888999922229999999678901234567890</codigo><descripcion>BONIF. Cerveza (item3)</descripcion><codigoUnidadMedida>99</codigoUnidadMedida><codigoCondicionIVA>7</codigoCondicionIVA><porcentajeIVA>21.00</porcentajeIVA><importeIVA>-1.26</importeIVA><importeItem>-6.00</importeItem></item><item><codigo>CodigoInterno8228888999922229999999678901234567890</codigo><descripcion>AJUSTE Cerveza (item3)</descripcion><codigoUnidadMedida>91</codigoUnidadMedida><codigoCondicionIVA>7</codigoCondicionIVA><porcentajeIVA>21.00</porcentajeIVA><importeIVA>1.26</importeIVA><importeItem>6.00</importeItem></item><item><codigo>CodigoInterno5555588999922255999999600000000000001</codigo><descripcion>Banana (item4)</descripcion><cantidad>1.0000</cantidad><codigoUnidadMedida>01</codigoUnidadMedida><precioUnitario>2.3000</precioUnitario><codigoCondicionIVA>7</codigoCondicionIVA><porcentajeIVA>10.50</porcentajeIVA><importeIVA>0.24</importeIVA><importeItem>2.30</importeItem></item><item><codigo>CodigoInterno4567890123456789012345678901234567890</codigo><descripcion>DTO. Descuento global</descripcion><codigoUnidadMedida>99</codigoUnidadMedida><codigoCondicionIVA>7</codigoCondicionIVA><porcentajeIVA>21.00</porcentajeIVA><importeIVA>-2.05</importeIVA><importeItem>-9.78</importeItem></item><item><codigo>CodigoInterno4567890123456789012345678901234567890</codigo><descripcion>DTO. Descuento global</descripcion><codigoUnidadMedida>99</codigoUnidadMedida><codigoCondicionIVA>7</codigoCondicionIVA><porcentajeIVA>10.50</porcentajeIVA><importeIVA>-0.02</importeIVA><importeItem>-0.22</importeItem></item><item><codigo>CodigoInterno4567222222222229012222222201234567890</codigo><descripcion>AJUSTE Recargo global</descripcion><codigoUnidadMedida>91</codigoUnidadMedida><codigoCondicionIVA>7</codigoCondicionIVA><porcentajeIVA>21.00</porcentajeIVA><importeIVA>18.48</importeIVA><importeItem>87.98</importeItem></item><item><codigo>CodigoInterno4567222222222229012222222201234567890</codigo><descripcion>AJUSTE Recargo global</descripcion><codigoUnidadMedida>91</codigoUnidadMedida><codigoCondicionIVA>7</codigoCondicionIVA><porcentajeIVA>10.50</porcentajeIVA><importeIVA>0.21</importeIVA><importeItem>2.02</importeItem></item></arrayItems><arrayOtrosTributos><otroTributo><codigo>6</codigo><descripcion>Percepcion por Tasa de IVA</descripcion><importe>10.00</importe></otroTributo><otroTributo><codigo>9</codigo><descripcion>Otra Percepcion</descripcion><importe>5.00</importe></otroTributo><otroTributo><codigo>7</codigo><descripcion>Percepcion de IIBB</descripcion><importe>3.00</importe></otroTributo></arrayOtrosTributos><arraySubtotalesIVA><subtotalIVA><porcentajeIVA>21.00</porcentajeIVA><importe>37.42</importe></subtotalIVA><subtotalIVA><porcentajeIVA>10.50</porcentajeIVA><importe>0.43</importe></subtotalIVA></arraySubtotalesIVA></detalleComprobante></arrayDetallesComprobantes></grupoComprobantes><grupoComprobantes><codigoTipoComprobante>116</codigoTipoComprobante><arrayDetallesComprobantes><detalleComprobante><numeroComprobante>00000001</numeroComprobante><idImpositivoReceptor>06</idImpositivoReceptor><fechaHoraEmision>2016-11-30T18:58:01</fechaHoraEmision><codigoMoneda>PES</codigoMoneda><cotizacionMoneda>1.0000</cotizacionMoneda><razonSocialReceptor>Nombre Comprador #1 Nombre Comprador #2</razonSocialReceptor><domicilioComercialReceptor>Domicilio Comprador #1 Domicilio Comprador #2 Domicilio Comprador #3</domicilioComercialReceptor><codigoTipoDocReceptor>80</codigoTipoDocReceptor><numeroDocReceptor>24272242549</numeroDocReceptor><textoLibre1>Nuevo Encabezado #1</textoLibre1><textoLibre3>Nueva Cola #1 Trail 2 Trail 3 Trail 4 Trail 5 Trail 6 Trail 7 Trail 8 Trail 9 Trail 10</textoLibre3><importeOtrosTributos>8.00</importeOtrosTributos><importeTotal>211.54</importeTotal><anulado>N</anulado><arrayFormasPago><formaPago><codigoFormaPago>23</codigoFormaPago><detalleOtra>Descripcion Pago #2</detalleOtra><textoLibre>CBU -878941494- Pago #2</textoLibre><importePago>45.00</importePago></formaPago><formaPago><codigoFormaPago>99</codigoFormaPago><detalleOtra>Descripcion Pago #3</detalleOtra><importePago>25.00</importePago></formaPago><formaPago><codigoFormaPago>08</codigoFormaPago><detalleOtra>Pago automatico</detalleOtra><importePago>141.54</importePago></formaPago></arrayFormasPago><arrayComprobantesAsociados><comprobanteAsociado><codigoTipoComprobante>083</codigoTipoComprobante><numeroPuntoVenta>00001</numeroPuntoVenta><numeroComprobante>00000027</numeroComprobante></comprobanteAsociado><comprobanteAsociado><codigoTipoComprobante>082</codigoTipoComprobante><numeroPuntoVenta>00003</numeroPuntoVenta><numeroComprobante>01003020</numeroComprobante></comprobanteAsociado></arrayComprobantesAsociados><arrayItems><item><codigo>CodigoInterno4567890123456789012345678901234567890</codigo><descripcion>Sardinas Descrip. Extra #1 Descrip. Extra #2 Descrip. Extra #3 Descrip. Extra #4</descripcion><cantidad>1.0000</cantidad><codigoUnidadMedida>01</codigoUnidadMedida><precioUnitario>121.0000</precioUnitario><codigoCondicionIVA>7</codigoCondicionIVA><porcentajeIVA>21.00</porcentajeIVA><importeIVA>21.00</importeIVA><importeItem>121.00</importeItem></item><item><codigo>CodigoInterno4567890123456789012345678901234567890</codigo><descripcion>ANUL. Sardinas Descrip. Extra #1 Descrip. Extra #2 Descrip. Extra #3 Descrip. Extra #4</descripcion><cantidad>1.0000</cantidad><codigoUnidadMedida>96</codigoUnidadMedida><precioUnitario>121.0000</precioUnitario><codigoCondicionIVA>7</codigoCondicionIVA><porcentajeIVA>21.00</porcentajeIVA><importeIVA>-21.00</importeIVA><importeItem>-121.00</importeItem></item><item><codigo>CodigoInterno9999999999999999999999678901234567890</codigo><descripcion>Tomates (item2) Rodondos (item2)</descripcion><cantidad>1.0000</cantidad><codigoUnidadMedida>01</codigoUnidadMedida><precioUnitario>121.0000</precioUnitario><codigoCondicionIVA>7</codigoCondicionIVA><porcentajeIVA>21.00</porcentajeIVA><importeIVA>21.00</importeIVA><importeItem>121.00</importeItem></item><item><codigo>CodigoInterno8228888999922229999999678901234567890</codigo><descripcion>BONIF. Cerveza (item3)</descripcion><codigoUnidadMedida>99</codigoUnidadMedida><codigoCondicionIVA>7</codigoCondicionIVA><porcentajeIVA>21.00</porcentajeIVA><importeIVA>-1.26</importeIVA><importeItem>-7.26</importeItem></item><item><codigo>CodigoInterno8228888999922229999999678901234567890</codigo><descripcion>AJUSTE Cerveza (item3)</descripcion><codigoUnidadMedida>91</codigoUnidadMedida><codigoCondicionIVA>7</codigoCondicionIVA><porcentajeIVA>21.00</porcentajeIVA><importeIVA>1.26</importeIVA><importeItem>7.26</importeItem></item><item><codigo>CodigoInterno5555588999922255999999600000000000001</codigo><descripcion>Banana (item4)</descripcion><cantidad>1.0000</cantidad><codigoUnidadMedida>01</codigoUnidadMedida><precioUnitario>2.5415</precioUnitario><codigoCondicionIVA>7</codigoCondicionIVA><porcentajeIVA>10.50</porcentajeIVA><importeIVA>0.24</importeIVA><importeItem>2.54</importeItem></item><item><codigo>CodigoInterno4567890123456789012345678901234567890</codigo><descripcion>DTO. Descuento global</descripcion><codigoUnidadMedida>99</codigoUnidadMedida><codigoCondicionIVA>7</codigoCondicionIVA><porcentajeIVA>21.00</porcentajeIVA><importeIVA>-1.70</importeIVA><importeItem>-9.80</importeItem></item><item><codigo>CodigoInterno4567890123456789012345678901234567890</codigo><descripcion>DTO. Descuento global</descripcion><codigoUnidadMedida>99</codigoUnidadMedida><codigoCondicionIVA>7</codigoCondicionIVA><porcentajeIVA>10.50</porcentajeIVA><importeIVA>-0.02</importeIVA><importeItem>-0.20</importeItem></item><item><codigo>CodigoInterno4567222222222229012222222201234567890</codigo><descripcion>AJUSTE Recargo global</descripcion><codigoUnidadMedida>91</codigoUnidadMedida><codigoCondicionIVA>7</codigoCondicionIVA><porcentajeIVA>21.00</porcentajeIVA><importeIVA>15.30</importeIVA><importeItem>88.15</importeItem></item><item><codigo>CodigoInterno4567222222222229012222222201234567890</codigo><descripcion>AJUSTE Recargo global</descripcion><codigoUnidadMedida>91</codigoUnidadMedida><codigoCondicionIVA>7</codigoCondicionIVA><porcentajeIVA>10.50</porcentajeIVA><importeIVA>0.18</importeIVA><importeItem>1.85</importeItem></item></arrayItems><arrayOtrosTributos><otroTributo><codigo>9</codigo><descripcion>Otra Percepcion</descripcion><importe>5.00</importe></otroTributo><otroTributo><codigo>7</codigo><descripcion>Percepcion de IIBB</descripcion><importe>3.00</importe></otroTributo></arrayOtrosTributos><arraySubtotalesIVA><subtotalIVA><porcentajeIVA>21.00</porcentajeIVA><importe>34.60</importe></subtotalIVA><subtotalIVA><porcentajeIVA>10.50</porcentajeIVA><importe>0.40</importe></subtotalIVA></arraySubtotalesIVA></detalleComprobante></arrayDetallesComprobantes></grupoComprobantes></arrayGruposComprobantesFiscales><arrayGruposComprobantesNoFiscHomo></arrayGruposComprobantesNoFiscHomo><arrayGruposComprobantesDonacion></arrayGruposComprobantesDonacion><arrayGruposComprobantesNoFiscOtros><grupoComprobanteNoFiscOtros><codigoTipoComprobante>936</codigoTipoComprobante><descTipoComprobante>SALIDA DE CAJERO (C&#xf3;d.936) </descTipoComprobante><primerNumeroComprobante>00000001</primerNumeroComprobante><ultimoNumeroComprobante>00000001</ultimoNumeroComprobante><cantidadComprobantes>00000001</cantidadComprobantes></grupoComprobanteNoFiscOtros></arrayGruposComprobantesNoFiscOtros><codigoTipoInfRep>909</codigoTipoInfRep></tns:cintaTestigoDigital>