<?xml version="1.0" encoding="UTF-8"?><tns:auditoria xmlns:tns="http://ar.gob.afip.controladorfiscal/comprobantes_auditoria" xmlns:tns1="http://ar.gob.afip.controladorfiscal/afip" xmlns:tns2="http://ar.gob.afip.controladorfiscal/cierre_diario_z" xmlns:xsi="http://www.w3.org/2001/XMLSchema-instance" xsi:schemaLocation="http://ar.gob.afip.controladorfiscal/comprobantes_auditoria comprobantes_auditoria.xsd"><emisor><nombreFantasiaEmisor>Nombre fantasia 1 Nombre fantasia 2 Nombre fantasia 3</nombreFantasiaEmisor><razonSocialEmisor>El Trebol S.A.</razonSocialEmisor><cuitEmisor>23123456785</cuitEmisor><domicilioComercialEmisor>Domicilio Comercial #1 Domicilio Comercial #2 Domicilio Comercial #3</domicilioComercialEmisor><arrayIdImpositivosEmisor><detalleIdImpositivoEmisor><idImpositivoEmisor>01</idImpositivoEmisor><arrayFechasVigenciaIdImpo><detalleFechasVigenciaIdImpo><fechaHoraDesde>2016-11-30T18:57:41</fechaHoraDesde><fechaHoraHasta>2016-11-30T18:57:41</fechaHoraHasta></detalleFechasVigenciaIdImpo></arrayFechasVigenciaIdImpo></detalleIdImpositivoEmisor></arrayIdImpositivosEmisor><iibb>Ingresos Brutos</iibb><fechaInicioActividades>1979-02-10</fechaInicioActividades><numeroPuntoVenta>12345</numeroPuntoVenta></emisor><controladorFiscal><codigoFabricaCF>AB</codigoFabricaCF><codigoMarcaCF>CD</codigoMarcaCF><codigoModeloCF>EF</codigoModeloCF><numeroSerieCF>1234567890</numeroSerieCF><versionEquipo>V: 01.01 Vesta</versionEquipo></controladorFiscal><fechaHoraEmisionAuditoria>2016-12-02T13:07:33</fechaHoraEmisionAuditoria><arrayComprobantesAuditoria><comprobanteAuditoria><rangoSolicitado><fechaZDesde>2016-11-30</fechaZDesde><fechaZHasta>2016-11-30</fechaZHasta></rangoSolicitado><rangoEncontrado><fechaZDesde>2016-11-30</fechaZDesde><fechaZHasta>2016-11-30</fechaZHasta></rangoEncontrado><arrayCierresZ></arrayCierresZ><arrayGruposComprobantesFiscales><grupoComprobantesFiscales><codigoTipoComprobante>081</codigoTipoComprobante><tipoHabilitacionComprobante>1</tipoHabilitacionComprobante><arrayConjuntosComprobantesFiscalesFechas><conjuntoComprobantesFiscalesFechas><fechaHoraDesde>2016-11-30T18:57:41</fechaHoraDesde><fechaHoraHasta>2016-11-30T18:57:41</fechaHoraHasta><primerNumeroComprobante>00000001</primerNumeroComprobante><ultimoNumeroComprobante>00000001</ultimoNumeroComprobante><cantidadComprobantes>1</cantidadComprobantes><importeTotalGravado>182.30</importeTotalGravado><importeTotalNoGravado>0</importeTotalNoGravado><importeTotalExento>0</importeTotalExento><arraySubtotalesIVA><subtotalIVA><porcentajeIVA>21.00</porcentajeIVA><importe>37.42</importe></subtotalIVA><subtotalIVA><porcentajeIVA>10.50</porcentajeIVA><importe>0.43</importe></subtotalIVA></arraySubtotalesIVA><arrayOtrosTributos><otroTributo><codigo>06</codigo><importe>10.00</importe></otroTributo><otroTributo><codigo>07</codigo><importe>3.00</importe></otroTributo><otroTributo><codigo>09</codigo><importe>5.00</importe></otroTributo></arrayOtrosTributos><importeTotalDescuentosCod99>-16.00</importeTotalDescuentosCod99><importeTotalComprobantes>238.15</importeTotalComprobantes><cantidadComprobantesCancelados>0</cantidadComprobantesCancelados></conjuntoComprobantesFiscalesFechas></arrayConjuntosComprobantesFiscalesFechas></grupoComprobantesFiscales><grupoComprobantesFiscales><codigoTipoComprobante>082</codigoTipoComprobante><tipoHabilitacionComprobante>1</tipoHabilitacionComprobante><arrayConjuntosComprobantesFiscalesFechas><conjuntoComprobantesFiscalesFechas><fechaHoraDesde>2016-11-30T18:57:41</fechaHoraDesde><fechaHoraHasta>2016-11-30T18:57:41</fechaHoraHasta><primerNumeroComprobante>00000001</primerNumeroComprobante><ultimoNumeroComprobante>00000001</ultimoNumeroComprobante><cantidadComprobantes>1</cantidadComprobantes><importeTotalGravado>168.54</importeTotalGravado><importeTotalNoGravado>0</importeTotalNoGravado><importeTotalExento>0</importeTotalExento><arraySubtotalesIVA><subtotalIVA><porcentajeIVA>21.00</porcentajeIVA><importe>34.60</importe></subtotalIVA><subtotalIVA><porcentajeIVA>10.50</porcentajeIVA><importe>0.40</importe></subtotalIVA></arraySubtotalesIVA><arrayOtrosTributos><otroTributo><codigo>07</codigo><importe>3.00</importe></otroTributo><otroTributo><codigo>09</codigo><importe>5.00</importe></otroTributo></arrayOtrosTributos><importeTotalDescuentosCod99>-17.26</importeTotalDescuentosCod99><importeTotalComprobantes>211.54</importeTotalComprobantes><cantidadComprobantesCancelados>0</cantidadComprobantesCancelados></conjuntoComprobantesFiscalesFechas></arrayConjuntosComprobantesFiscalesFechas></grupoComprobantesFiscales><grupoComprobantesFiscales><codigoTipoComprobante>083</codigoTipoComprobante><tipoHabilitacionComprobante>1</tipoHabilitacionComprobante><arrayConjuntosComprobantesFiscalesFechas><conjuntoComprobantesFiscalesFechas><fechaHoraDesde>2016-11-30T18:57:41</fechaHoraDesde><fechaHoraHasta>2016-11-30T18:57:41</fechaHoraHasta><primerNumeroComprobante>00000001</primerNumeroComprobante><ultimoNumeroComprobante>00000002</ultimoNumeroComprobante><cantidadComprobantes>2</cantidadComprobantes><importeTotalGravado>1310.25</importeTotalGravado><importeTotalNoGravado>0</importeTotalNoGravado><importeTotalExento>0</importeTotalExento><arraySubtotalesIVA><subtotalIVA><porcentajeIVA>21.00</porcentajeIVA><importe>275.15</importe></subtotalIVA></arraySubtotalesIVA><arrayOtrosTributos><otroTributo><codigo>10</codigo><importe>8.00</importe></otroTributo></arrayOtrosTributos><importeTotalDescuentosCod99>-20.10</importeTotalDescuentosCod99><importeTotalComprobantes>1593.40</importeTotalComprobantes><cantidadComprobantesCancelados>0</cantidadComprobantesCancelados></conjuntoComprobantesFiscalesFechas></arrayConjuntosComprobantesFiscalesFechas></grupoComprobantesFiscales><grupoComprobantesFiscales><codigoTipoComprobante>112</codigoTipoComprobante><tipoHabilitacionComprobante>1</tipoHabilitacionComprobante><arrayConjuntosComprobantesFiscalesFechas><conjuntoComprobantesFiscalesFechas><fechaHoraDesde>2016-11-30T18:57:41</fechaHoraDesde><fechaHoraHasta>2016-11-30T18:57:41</fechaHoraHasta><primerNumeroComprobante>00000001</primerNumeroComprobante><ultimoNumeroComprobante>00000001</ultimoNumeroComprobante><cantidadComprobantes>1</cantidadComprobantes><importeTotalGravado>182.30</importeTotalGravado><importeTotalNoGravado>0</importeTotalNoGravado><importeTotalExento>0</importeTotalExento><arraySubtotalesIVA><subtotalIVA><porcentajeIVA>21.00</porcentajeIVA><importe>37.42</importe></subtotalIVA><subtotalIVA><porcentajeIVA>10.50</porcentajeIVA><importe>0.43</importe></subtotalIVA></arraySubtotalesIVA><arrayOtrosTributos><otroTributo><codigo>06</codigo><importe>10.00</importe></otroTributo><otroTributo><codigo>07</codigo><importe>3.00</importe></otroTributo><otroTributo><codigo>09</codigo><importe>5.00</importe></otroTributo></arrayOtrosTributos><importeTotalDescuentosCod99>-16.00</importeTotalDescuentosCod99><importeTotalComprobantes>238.15</importeTotalComprobantes><cantidadComprobantesCancelados>0</cantidadComprobantesCancelados></conjuntoComprobantesFiscalesFechas></arrayConjuntosComprobantesFiscalesFechas></grupoComprobantesFiscales><grupoComprobantesFiscales><codigoTipoComprobante>113</codigoTipoComprobante><tipoHabilitacionComprobante>1</tipoHabilitacionComprobante><arrayConjuntosComprobantesFiscalesFechas><conjuntoComprobantesFiscalesFechas><fechaHoraDesde>2016-11-30T18:57:41</fechaHoraDesde><fechaHoraHasta>2016-11-30T18:57:41</fechaHoraHasta><primerNumeroComprobante>00000001</primerNumeroComprobante><ultimoNumeroComprobante>00000001</ultimoNumeroComprobante><cantidadComprobantes>1</cantidadComprobantes><importeTotalGravado>168.54</importeTotalGravado><importeTotalNoGravado>0</importeTotalNoGravado><importeTotalExento>0</importeTotalExento><arraySubtotalesIVA><subtotalIVA><porcentajeIVA>21.00</porcentajeIVA><importe>34.60</importe></subtotalIVA><subtotalIVA><porcentajeIVA>10.50</porcentajeIVA><importe>0.40</importe></subtotalIVA></arraySubtotalesIVA><arrayOtrosTributos><otroTributo><codigo>07</codigo><importe>3.00</importe></otroTributo><otroTributo><codigo>09</codigo><importe>5.00</importe></otroTributo></arrayOtrosTributos><importeTotalDescuentosCod99>-17.26</importeTotalDescuentosCod99><importeTotalComprobantes>211.54</importeTotalComprobantes><cantidadComprobantesCancelados>0</cantidadComprobantesCancelados></conjuntoComprobantesFiscalesFechas></arrayConjuntosComprobantesFiscalesFechas></grupoComprobantesFiscales><grupoComprobantesFiscales><codigoTipoComprobante>115</codigoTipoComprobante><tipoHabilitacionComprobante>1</tipoHabilitacionComprobante><arrayConjuntosComprobantesFiscalesFechas><conjuntoComprobantesFiscalesFechas><fechaHoraDesde>2016-11-30T18:57:41</fechaHoraDesde><fechaHoraHasta>2016-11-30T18:57:41</fechaHoraHasta><primerNumeroComprobante>00000001</primerNumeroComprobante><ultimoNumeroComprobante>00000001</ultimoNumeroComprobante><cantidadComprobantes>1</cantidadComprobantes><importeTotalGravado>182.30</importeTotalGravado><importeTotalNoGravado>0</importeTotalNoGravado><importeTotalExento>0</importeTotalExento><arraySubtotalesIVA><subtotalIVA><porcentajeIVA>21.00</porcentajeIVA><importe>37.42</importe></subtotalIVA><subtotalIVA><porcentajeIVA>10.50</porcentajeIVA><importe>0.43</importe></subtotalIVA></arraySubtotalesIVA><arrayOtrosTributos><otroTributo><codigo>06</codigo><importe>10.00</importe></otroTributo><otroTributo><codigo>07</codigo><importe>3.00</importe></otroTributo><otroTributo><codigo>09</codigo><importe>5.00</importe></otroTributo></arrayOtrosTributos><importeTotalDescuentosCod99>-16.00</importeTotalDescuentosCod99><importeTotalComprobantes>238.15</importeTotalComprobantes><cantidadComprobantesCancelados>0</cantidadComprobantesCancelados></conjuntoComprobantesFiscalesFechas></arrayConjuntosComprobantesFiscalesFechas></grupoComprobantesFiscales><grupoComprobantesFiscales><codigoTipoComprobante>116</codigoTipoComprobante><tipoHabilitacionComprobante>1</tipoHabilitacionComprobante><arrayConjuntosComprobantesFiscalesFechas><conjuntoComprobantesFiscalesFechas><fechaHoraDesde>2016-11-30T18:57:41</fechaHoraDesde><fechaHoraHasta>2016-11-30T18:57:41</fechaHoraHasta><primerNumeroComprobante>00000001</primerNumeroComprobante><ultimoNumeroComprobante>00000001</ultimoNumeroComprobante><cantidadComprobantes>1</cantidadComprobantes><importeTotalGravado>168.54</importeTotalGravado><importeTotalNoGravado>0</importeTotalNoGravado><importeTotalExento>0</importeTotalExento><arraySubtotalesIVA><subtotalIVA><porcentajeIVA>21.00</porcentajeIVA><importe>34.60</importe></subtotalIVA><subtotalIVA><porcentajeIVA>10.50</porcentajeIVA><importe>0.40</importe></subtotalIVA></arraySubtotalesIVA><arrayOtrosTributos><otroTributo><codigo>07</codigo><importe>3.00</importe></otroTributo><otroTributo><codigo>09</codigo><importe>5.00</importe></otroTributo></arrayOtrosTributos><importeTotalDescuentosCod99>-17.26</importeTotalDescuentosCod99><importeTotalComprobantes>211.54</importeTotalComprobantes><cantidadComprobantesCancelados>0</cantidadComprobantesCancelados></conjuntoComprobantesFiscalesFechas></arrayConjuntosComprobantesFiscalesFechas></grupoComprobantesFiscales></arrayGruposComprobantesFiscales><cantidadComprobantesFiscales>8</cantidadComprobantesFiscales><totalGravadoComprobantesFiscales>1661.09</totalGravadoComprobantesFiscales><totalNoGravadoComprobantesFiscales>0</totalNoGravadoComprobantesFiscales><totalExentoComprobantesFiscales>0</totalExentoComprobantesFiscales><arraySubtotalesIVA><subtotalIVA><porcentajeIVA>21.00</porcentajeIVA><importe>347.17</importe></subtotalIVA><subtotalIVA><porcentajeIVA>10.50</porcentajeIVA><importe>0.83</importe></subtotalIVA></arraySubtotalesIVA><arrayOtrosTributos><otroTributo><codigo>10</codigo><importe>8.00</importe></otroTributo><otroTributo><codigo>06</codigo><importe>10.00</importe></otroTributo><otroTributo><codigo>07</codigo><importe>6.00</importe></otroTributo><otroTributo><codigo>09</codigo><importe>10.00</importe></otroTributo></arrayOtrosTributos><totalDescuentosCod99ComprobantesFiscales>-53.36</totalDescuentosCod99ComprobantesFiscales><importeTotalComprobantesFiscales>2043.09</importeTotalComprobantesFiscales><cantidadComprobantesCancelados>0</cantidadComprobantesCancelados><arrayConjuntosComprobantesNoFiscHomo><conjuntoComprobantesNoFiscaHomo><codigoTipoComprobante>936</codigoTipoComprobante><primerNumeroComprobante>00000001</primerNumeroComprobante><ultimoNumeroComprobante>00000001</ultimoNumeroComprobante><cantidadComprobantes>1</cantidadComprobantes></conjuntoComprobantesNoFiscaHomo></arrayConjuntosComprobantesNoFiscHomo><importeTotalComprobantesNoFiscHomo>0</importeTotalComprobantesNoFiscHomo><cantidadBloqueos>0</cantidadBloqueos></comprobanteAuditoria></arrayComprobantesAuditoria><codigoTipoInfRep>905</codigoTipoInfRep></tns:auditoria>