BD3_PROPRI;BD3_CODIGO;BD3_DESCRI;BD3_UNIDAD;BD3_RDMAKE;BD3_ORDEM;BD3_ORDREL;BD3_SOMREL;BD3_TIPVAL;BD3_CONSFT;BD3_CONSBD;BD3_PAGBLO;BD3_CONSVA;BD3_CONSHE
1;AUX;NUMERO DE AUXILIARES;CH;PLSRETAUX;99;;0;1;1;0;0;1;0
1;COP;CUSTO OPERACIONAL;CH;PLSRETCH;4;;0;1;0;0;0;1;0
1;FIL;FILME;M2;PLSRETM2;7;;0;1;0;0;0;1;0
1;HM;HONORARIO MEDICO;CH;PLSRETCH;2;;0;1;1;0;0;1;0
1;INC;INCIDENCIA;INC;PLSRETIN;8;;0;1;0;0;0;1;0
1;PA;PORTE ANESTESICO;CH;PLSRETPA;6;;0;1;1;0;0;1;0
1;REA;REAL;R$;PLSRETREA;9;;0;1;0;0;0;1;0
1;CIR;CH CIRURGIAO;CH;PLSRETCH;3;;0;1;1;0;0;1;0
1;CRR;CRR;CH;PLSRETCRR;10;;0;1;1;0;0;1;0
1;VMD;VALOR MEDICAMENTO;R$;PLSRETREA;11;;0;2;0;0;0;1;0
1;VMT;VALOR MATERIAIS;R$;PLSRETREA;12;;0;2;0;0;0;1;0
1;VTX;VALOR TAXAS;R$;PLSRETREA;13;;0;1;0;0;0;1;0
1;VDI;VALOR DIARIAS;R$;PLSRETREA;14;;0;2;0;0;0;1;0
1;COR;CUSTO OP. EM REAIS;R$;PLSRETREA;16;;0;1;0;0;0;1;0
1;AUR;NUMERO DE AUXILIARES EM REAIS;R$;PLSRETREA;98;;0;1;1;0;0;1;0
1;PAR;PORTE ANESTESICO EM REAIS;R$;PLSRETREA;18;;0;1;1;0;0;1;0
1;HMR;HONORARIO MEDICO EM REAIS;R$;PLSRETREA;19;;0;1;1;0;0;1;0
1;TCR;TEMPO CIRURGICO;R$;PLSRETTCR;15;;0;1;1;0;0;1;0
1;DOP;CALCULO DO DOPPLER;HM;PLSCALDP;20;;0;1;0;0;0;1;0
1;RCC;REAL CONVERTIDO EM CH;CH;PLSCALRCC;21;;0;1;0;0;0;1;0
1;PPM;PORTE PROCEDIMENTOS MEDICOS;HM;PLSRETCH;22;;0;1;1;1;0;1;0
1;UCO;UNIDADE DE CUSTO OPERACIONAL;HM;PLSRETUCO;22;;0;1;0;0;0;1;0
1;PAP;PORTE ANEST. EM PORTE MEDICO;HM;PLSRETPA;23;;0;1;0;0;0;1;0
1;INS;INSTRUMENTADOR;HM;PLCAINSTR;31;;0;1;0;0;0;1;0
1;USO;UNIDADE DE SERVICO ODONTOLOGIC;HM;PLSRETCH;32;;0;1;0;0;0;1;0
1;AUA;NUMERO AUXILIARES ANESTESISTAS;CH;PLSRETAUX;89;;0;1;1;0;0;1;0
