BH7_CODIGO;BH7_DESCRI
001;ALUGUEL DE EQUIPAMENTO                                      
002;ANALISE MOLECULAR DE DNA                                    
003;ANALISES CLINICAS                                           
004;ANATOMIA PATOLOGICA                                         
005;ANESTESIOLOGIA                                              
006;ANGIOGRAFIA                                                 
007;ARTROSCOPIA                                                 
008;ATENDIMENTO PSICOSSOCIAL                                    
009;AUDIOMETRIA                                                 
010;BIOLOGIA MOLECULAR                                          
011;BRONCOSCOPIA                                                
012;CIRURGIA BUCO-MAXILO-FACIAL                                 
013;CIRURGIA CARDIACA                                           
014;CIRURGIA DE MIOPIA (METODO LASIK/PRK)                       
015;CIRURGIA ODONTOLOGICA AMBULATORIAL                          
016;CITOLOGIA OCULAR                                            
017;CITOPATOLOGIA                                               
018;CHECK UP                                                    
019;COLOCACAO DE BANDA GASTRICA                                 
020;COLONOSCOPIA                                                
021;COLPOCITOLOGIA                                              
022;COLPOSCOPIA                                                 
023;CONSULTA ESPECIALIZADA ACUPUNTURA                           
024;CONSULTA ESPECIALIZADA ALERGIA E IMUNOLOGIA                 
025;CONSULTA ESPECIALIZADA ANGIOLOGIA                           
026;CONSULTA ESPECIALIZADA CANCEROLOGIA                         
027;CONSULTA ESPECIALIZADA CARDIOLOGIA                          
028;CONSULTA ESPECIALIZADA CIRURGIA CARDIOVASCULAR              
029;CONSULTA ESPECIALIZADA CIRURGIA GERAL                       
030;CONSULTA ESPECIALIZADA CIRURGIA PLASTICA                    
031;CONSULTA ESPECIALIZADA CLINICA MEDICA OU MEDICINA INTERNA   
032;CONSULTA ESPECIALIZADA DERMATOLOGIA                         
033;CONSULTA ESPECIALIZADA ENDOCRINOLOGIA E METABOLOGIA         
034;CONSULTA ESPECIALIZADA FISIATRIA                            
035;CONSULTA ESPECIALIZADA FONIATRIA                            
036;CONSULTA ESPECIALIZADA GASTROENTEROLOGIA                    
037;CONSULTA ESPECIALIZADA GENETICA CLINICA                     
038;CONSULTA ESPECIALIZADA GERIATRIA                            
039;CONSULTA ESPECIALIZADA GINECOLOGIA                          
040;CONSULTA ESPECIALIZADA HEMATOLOGIA                          
041;CONSULTA ESPECIALIZADA HOMEOPATIA                           
042;CONSULTA ESPECIALIZADA INFECTOLOGIA                         
043;CONSULTA ESPECIALIZADA MASTOLOGIA                           
044;CONSULTA ESPECIALIZADA MEDICINA DO TRABALHO                 
045;CONSULTA ESPECIALIZADA NEFROLOGIA                           
046;CONSULTA ESPECIALIZADA NEUROLOGIA                           
047;CONSULTA ESPECIALIZADA OBSTETRICIA                          
048;CONSULTA ESPECIALIZADA OFTALMOLOGIA                         
049;CONSULTA ESPECIALIZADA ORTOPEDIA E TRAUMATOLOGIA            
050;CONSULTA ESPECIALIZADA OTORRINOLARINGOLOGIA                 
051;CONSULTA ESPECIALIZADA PEDIATRIA                            
052;CONSULTA ESPECIALIZADA PNEUMOLOGIA                          
053;CONSULTA ESPECIALIZADA PROCTOLOGIA                          
054;CONSULTA ESPECIALIZADA PSIQUIATRIA                          
055;CONSULTA ESPECIALIZADA REUMATOLOGIA                         
056;CONSULTA ESPECIALIZADA UROLOGIA                             
057;DAY HOSPITAL                                                
058;DENSITOMETRIA OSSEA                                         
059;DENTISTICA                                                  
060;DERMOLIPECTOMIA                                             
061;DIALISE                                                     
062;DISCOGRAFIA                                                 
063;ECOCARDIOGRAFIA                                             
064;ECOCARDIOGRAMA                                              
065;ELETROCARDIOGRAMA                                           
066;ELETROENCEFALOGRAFIA                                        
067;ELETROFISIOLOGIA CARDIACA/ABLACAO                           
068;ELETRONEUROMIOGRAFIA/ELETROMIOGRAFIA                        
069;ENDODONTIA                                                  
070;ENDOSCOPIA                                                  
071;ENDOSCOPIA DAS VIAS AEREAS                                  
072;ENDOSCOPIA DAS VIAS DIGESTIVAS                              
073;ENFERMAGEM                                                  
074;ESPIROMETRIA                                                
075;ESTIMULACAO ELETRICA TRANSCUTANEA                           
076;EXAMES ODONTOLOGICOS COMPLEMENTARES                         
077;FARMACIA                                                    
078;FATOR V DE LEIDEN                                           
079;FISIOTERAPIA                                                
080;FONOAUDIOLOGIA                                              
081;FOTOTERAPIA (PUVA)                                          
082;GENETICA                                                    
083;GENOTIPAGEM HIV                                             
084;GENOTIPAGEM PARA HEPATITE C                                 
085;HEMODIALISE                                                 
086;HEMODINAMICA                                                
087;HEMOTERAPIA                                                 
088;HIPERTERMIA PROSTATICA                                      
089;HOLTER 24 HORAS                                             
090;HOME CARE                                                   
091;IMPEDANCIOMETRIA                                            
092;IMPLANTE DE CATETER INTRACRANIANO E RESERVATORIO            
093;IMPLANTE DE DISPOSITIVO INTRA-UTERINO (DIU)                 
094;IMPLANTE DE MARCAPASSO                                      
095;IMPLANTE DE PROTESE PARA INCONTINENCIA URINARIA MASCULINA   
096;IMPLANTE DE PROTESE SEMI RIGIDA                             
097;INJECAO DE TOXINA BOTULINICA - MONOCULAR                    
098;INSTALACAO DE BOMBA DE INFUSAO PARA ANALGESIA EM DOR AGUDA  
099;INTERNACOES - ACOMPANHAMENTO CLINICO                        
100;INTERNACOES CIRURGICAS                                      
101;LAQUEADURA TUBARIA                                          
102;LARINGOSCOPIA                                               
103;LIQUOR                                                      
104;LITOTRIPSIA                                                 
105;LITOTRIPSIA EXTRACORPOREA                                   
106;MAMOGRAFIA                                                  
107;MAMOGRAFIA DIGITAL                                          
108;MAMOTOMIA                                                   
109;MAPEAMENTO CEREBRAL                                         
110;MATERNIDADE                                                 
111;MEDICINA HIPERBARICA                                        
112;MEDICINA NUCLEAR                                            
113;MEDICINA PREVENTIVA                                         
114;MICROCIRURGIA REPARADORA                                    
115;MUCOSECTOMIA                                                
116;NEOSSALPINGOSTOMIA DISTAL                                   
117;NEUROFISIOLOGIA CLINICA                                     
118;NUTRICAO                                                    
119;ODONTOLOGIA                                                 
120;ONCOLOGIA CIRURGICA                                         
121;ONCOLOGIA CLINICA                                           
122;ONCOLOGIA PEDIATRICA                                        
123;ORTODONTIA                                                  
124;ORTOPTICA                                                   
125;OTICA                                                       
126;PATOLOGIA CLINICA                                           
127;PENISCOPIA                                                  
128;PERFIL ASSISTENCIAL (HOSPITAL GERAL)                        
129;PERIODONTIA                                                 
130;POLISSONOGRAFIA                                             
131;PREVENCAO ODONTOLOGICA                                      
132;PROCEDIMENTOS ESTETICOS                                     
133;PROCEDIMENTOS POR VIDEO                                     
134;PRONTO ATENDIMENTO                                          
135;PRONTO ATENDIMENTO ADULTO                                   
136;PRONTO ATENDIMENTO PEDIATRICO                               
137;PRONTO SOCORRO                                              
138;PRONTO SOCORRO ADULTO                                       
139;PRONTO SOCORRO INFANTIL                                     
140;PROTESE COCLEAR                                             
141;PROVA DE FUNCAO PULMONAR                                    
142;PSICOLOGIA                                                  
143;PSICOTERAPIA                                                
144;QUIMIOTERAPIA                                               
145;RADIODIAGNOSTICO                                            
146;RADIOIMUNOENSAIO                                            
147;RADIOLOGIA INTERVENCIONISTA                                 
148;RADIOTERAPIA                                                
149;RECANALIZACAO TUBARIA                                       
150;REMOCAO DE PIGMENTOS DA LENTE INTRA-OCULAR COM YAG-LASER    
151;REMOCAO SIMPLES                                             
152;REMOCAO UTI                                                 
153;REPERMEABILIZADO TUBARIA PARA TRATAMENTO DE INFERTILIDADE   
154;REPOSICAO DE FARMACOS EM BOMBAS IMPLANTADAS                 
155;RESSONANCIA MAGNETICA                                       
156;REVISAO DE SISTEMA IMPLANTADOS PARA INFUSAO DE FARMACOS     
157;RPG                                                         
158;SAUDE OCUPACIONAL - EXAMES ADMISSIONAIS                     
159;SAUDE OCUPACIONAL - EXAMES DEMISSIONAIS                     
160;SAUDE OCUPACIONAL - EXAMES PERIODICOS                       
161;SAUDE OCUPACIONAL - MUDANCA DE FUNCAO                       
162;SAUDE OCUPACIONAL - RETORNO AO TRABALHO                     
163;TERAPIA INTENSIVA                                           
164;TERAPIA OCUPACIONAL                                         
165;TERAPIA RENAL SUBSTITUTIVA                                  
166;TESTE DO PEZINHO                                            
167;TESTE ERGOMETRICO                                           
168;TOCOCARDIOGRAMA FETAL                                       
169;TOMOGRAFIA COMPUTADORIZADA                                  
170;TRANSPLANTE CARDIACO                                        
171;TRANSPLANTE DE CORNEA                                       
172;TRANSPLANTE DE MEDULA OSSEA AUTOLOGO                        
173;TRANSPLANTE HEPATICO                                        
174;TRANSPLANTE MEDULA                                          
175;TRANSPLANTE OUTROS                                          
176;TRANSPLANTE RENAL                                           
177;TRATAMENTO CIRURGICO DA EPILEPSIA                           
178;TRATAMENTO DA DOR CRONICA                                   
179;TRATAMENTO PRE NATAL DAS HIDROCEFALIAS E CISTOS CEREBRAIS   
180;ULTRASSONOGRAFIA                                            
181;VACINACAO                                                   
182;VASECTOMIA UNILATERAL                                       
183;VASO-VASOSTOMIA MICROCIRURGICA UNILATERAL                   
184;VIDEOLAPAROSCOPIA                                           
185;VULVOSCOPIA                                                 
