BVN_CDITEM;BVN_TISVER;BVN_TAG;BVN_CAMTAG;BVN_TPVLD;BVN_ALIAS;BVN_INDICE;BVN_CODTAB;BVN_DADEXP;BVN_CODOPE;BVN_PROPRI;BVN_CODGLO;BVN_BLCPRE;BVN_BLCPOS;BVN_GRPCND;BVN_TAGMSG;BVN_MSGAUX
0001;3.03.03;VERSAOPADRAO;\MENSAGEMTISS\CABECALHO\;3;;0,00;;VAL(CFILESEQ) > 0 .AND. LEN(CFILESEQ) <= 20;;X;06;;;;*;'Nome do arquivo: '+substr(cFileXml,Rat(PLSMUDSIS('\'),cFileXml)+1,len(cFileXml))+' Numero sequencial informado: '+cFileSeq
0001;3.03.03;VERSAOPADRAO;\MENSAGEMTISS\CABECALHO\;3;;0,00;;CFILEDEL == '_';;X;07;;;;*;'Nome do arquivo: '+substr(cFileXml,Rat(PLSMUDSIS('\'),cFileXml)+1,len(cFileXml))+' Nome do arquivo: '+cFileXml
0001;3.03.03;VERSAOPADRAO;\MENSAGEMTISS\CABECALHO\;3;;0,00;;LEN(CFILEHAS) == 32;;X;08;;;;*;'Nome do arquivo: '+substr(cFileXml,Rat(PLSMUDSIS('\'),cFileXml)+1,len(cFileXml))+' Hash informado: '+cFileHas
0001;3.03.03;HASH;\MENSAGEMTISS\EPILOGO\;3;;0,00;;PLVLDCHSH2(PVLRTAGXML(aDadosUnic, '\MENSAGEMTISS\EPILOGO\HASH'));;X;15;;;;;'Hash informado no nome do arquivo: '+cFileHas+' Hash informado dentro do arquivo: '+PVLRTAGXML(aDadosUnic, '\MENSAGEMTISS\EPILOGO\HASH')+' Hash do conteudo do arquivo: '+PLVLDCHSH()
0001;3.03.03;VERSAOPADRAO;\MENSAGEMTISS\CABECALHO\;3;;0,00;;!EMPTY(CGUIA);;X;16;;;;*; 
0001;3.03.03;VERSAOPADRAO;\MENSAGEMTISS\CABECALHO\;3;;0,00;;!EMPTY(CRDAORI) .AND. BAU->( MSSEEK( XFILIAL('BAU')+CRDAORI ) );;X;17;BAU->( DBSETORDER( NIDXP ) );;;ORIGEM\IDENTIFICACAOPRESTADOR\CNPJ,ORIGEM\IDENTIFICACAOPRESTADOR\CPF,ORIGEM\IDENTIFICACAOPRESTADOR\CODIGOPRESTADORNAOPERADORA;'Codigo enviado: '+cRdaOri
0001;3.03.03;TIPOTRANSACAO;\MENSAGEMTISS\CABECALHO\IDENTIFICACAOTRANSACAO\;3;;0,00;;IIF (AT(CGUIA,'SOLICITACAOSP-SADT,SOLICITACAOINTERNACAO,SOLICITACAOPRORROGACAO,SOLICITACAOODONTOLOGIA') > 0, ALLTRIM(CTPTRAN) != 'ENVIO_LOTE_GUIAS', .T.);;X;18;;;;;'Tipo de trasacao: '+AllTrim(cTpTran)+' Tipo de guia: '+AllTrim(cGuia)
0001;3.03.03;REGISTROANS;\MENSAGEMTISS\CABECALHO\DESTINO\;1;BA0;5,00;;;;X;19;;;;;'Registro da ANS: '+PVLRTAGXML(aDadosUnic, 'CABECALHO\DESTINO\REGISTROANS')
0001;3.03.03;VERSAOPADRAO;\MENSAGEMTISS\CABECALHO\;3;;0,00;;PLSXVLDCAL(DDATABASE,COPEMOV,.F.)[1];;X;20;;;;*;'Data Base: '+dtoc(dDataBase)
0001;3.03.03;NOMEBENEFICIARIO;\DADOSBENEFICIARIO\;3;;0,00;;!XTEMCHAR(ALLTRIM(CMATRIC));;X;21;;;;NUMEROCARTEIRA; 
0002;3.03.03;NOMEBENEFICIARIO;\DADOSBENEFICIARIO\;3;;0,00;;PLSDADUSR(CMATRIC,'1',.F.,DDATPRO)[1] .OR. PLSDADUSR(CMATRIC,'2',.F.,DDATPRO)[1];;X;21;;;;NUMEROCARTEIRA;'Data Atendimento: '+dtoc(dDatPro)
0003;3.03.03;NOMEBENEFICIARIO;\BENEFICIARIO\;3;;0,00;;!XTEMCHAR(ALLTRIM(CMATRIC));;X;21;;;;NUMEROCARTEIRA; 
0004;3.03.03;NOMEBENEFICIARIO;\BENEFICIARIO\;3;;0,00;;PLSDADUSR(CMATRIC,'1',.F.,DDATPRO)[1] .OR. PLSDADUSR(CMATRIC,'2',.F.,DDATPRO)[1];;X;21;;;;NUMEROCARTEIRA;'Data Atendimento: '+dtoc(dDatPro)
0001;3.03.03;DIAGNOSTICO;\DADOSSAIDAINTERNACAO\;1;BA9;1,00;;;;X;22;;;;;'CID: '+PVLRTAGXML(aDadosUnic, '\DADOSSAIDAINTERNACAO\DIAGNOSTICO')
0001;3.03.03;SENHA;\DADOSAUTORIZACAO\;3;;0,00;;IIF(CTIPO == '2' .AND. !EMPTY(CNUMSEN), PlsIsSen(CTIPO) , .T.);;X;23;;;01;\DADOSAUTORIZACAO\SENHA;'Numero da senha enviada: '+CNUMSEN
0002;3.03.03;SENHA;\;3;;0,00;;IIF(CTIPO == '3' .AND. !EMPTY(CNUMSEN), PlsIsSen(CTIPO), .T.);;X;23;;;02;;'Numero da senha enviada: '+CNUMSEN
0001;3.03.03;NOMEBENEFICIARIO;\DADOSBENEFICIARIO\;3;;0,00;;P973VLD91();;0;91;;;;DADOSAUTORIZACAO\SENHA;'Numero da senha enviada: '+AllTrim(cNumSen)
0001;3.03.03;SENHA;\DADOSAUTORIZACAO\;3;;0,00;;IIF(CTIPO == '2' .AND. !EMPTY(CNUMSEN), !( BEA->BEA_LIBERA == '1' .AND. BEA->BEA_STATUS == '3' .AND. CTIPO == '2' .AND.!EMPTY(CNUMSEN) .AND. !AITELIB[1]),.T.);;X;36;;;;;'Numero da senha enviada: '+AllTrim(cNumSen)
0002;3.03.03;NOMEBENEFICIARIO;\DADOSBENEFICIARIO\;3;;0,00;;IIF(LFOUNDAUT .AND. CTIPO == '3' .and. !Empty(CNUMSEN) , BE4->BE4_STATUS $ '1,2' ,.T.);;X;36;;;;DADOSAUTORIZACAO\SENHA;'Numero da senha enviada: '+AllTrim(cNumSen)
0003;3.03.03;NOMEBENEFICIARIO;\BENEFICIARIO\;3;;0,00;;IIF(LFOUNDAUT .AND. CTIPO == '3' .and. !Empty(CNUMSEN) , BE4->BE4_STATUS $ '1,2' ,.T.);;X;36;;;;SENHA;'Numero da senha enviada: '+AllTrim(cNumSen)
0001;3.03.03;NOMEBENEFICIARIO;\BENEFICIARIO\;3;;0,00;;IIF(LFOUNDAUT .AND. CTIPO == '3' .and. !Empty(CNUMSEN) .AND. GetNewPar('MV_PLINTIP',.T.), EMPTY(BE4->BE4_DTALTA),.T.);;5;60;;;;\SENHA;'Numero da senha enviada: '+AllTrim(cNumSen)
0002;3.03.03;NOMEBENEFICIARIO;\DADOSBENEFICIARIO\;3;;0,00;;IIF(LFOUNDAUT .AND. CTIPO == '3' .and. !Empty(CNUMSEN) .AND. GetNewPar('MV_PLINTIP',.T.), EMPTY(BE4->BE4_DTALTA),.T.);;5;60;;;;\DADOSAUTORIZACAO\SENHA;'Numero da senha enviada: '+AllTrim(cNumSen)
0001;3.03.03;CPFCONTRATADO;\CONTRATADOEXECUTANTE\;3;;0,00;;PBusProfs([%\CPFCONTRATADO%],.T.);;X;26;;;;;'Codigo enviado: '+AllTrim(PVLRTAGXML(aDadosUnic, '\CPFCONTRATADO'))
0002;3.03.03;CNPJCONTRATADO;\CONTRATADOEXECUTANTE\;3;;0,00;;PBusProfs([%\CNPJCONTRATADO%],.T.);;X;26;;;;;'Codigo enviado: '+AllTrim(PVLRTAGXML(aDadosUnic, '\CNPJCONTRATADO'))
0003;3.03.03;CODIGOPRESTADORNAOPERADORA;\CONTRATADOEXECUTANTE\;3;;0,00;;PBusProfs([%\CODIGOPRESTADORNAOPERADORA%],.T.);;X;26;;;;;'Codigo enviado: '+AllTrim(PVLRTAGXML(aDadosUnic, '\CODIGOPRESTADORNAOPERADORA'))
0001;3.03.03;CODIGONAOPERADORA;\DADOSCONTRATADOEXECUTANTE\;3;;0,00;;PBusProfs(CRDAORI,.T.);;X;24;;;;;'Codigo enviado: '+AllTrim(PVLRTAGXML(aDadosUnic, '\CODIGONAOPERADORA'))
0001;3.03.03;CODIGOPROCEDIMENTO;\;3;BR8;1,00;;IIF(BR8->(MSSEEK(XFILIAL('BR8')+CCODPAD+CCODPRO)) .AND. BR8->BR8_BENUTL <> '0',.T., PCHKTABDUP(CCODPAD,CCODPRO,[%\CODIGOTABELA%]));;X;27;;CTPPROC := BR8->BR8_TPPROC;;;'Tabela: '+AllTrim(cSlvPad)+' - Codigo: '+AllTrim(PVLRTAGXML(aDadosUnic, '\CODIGOPROCEDIMENTO'))+' - Descricao: ' + AllTrim(Posicione('BR8',1,xFilial('BR8')+cCodPad+cCodPro,'BR8_DESCRI'))
0001;3.03.03;CODIGOPROCEDIMENTO;\;3;;0,00;;IIF(ValType(ACODTAB)== 'A' .and. Len(ACODTAB)>0 .and. ACODTAB[1] ,!(LEN(ACOMPO) == 0),.T.);;X;30;;;;;'Tabela: '+AllTrim(cSlvPad)+' - Codigo: '+AllTrim(PVLRTAGXML(aDadosUnic, '\CODIGOPROCEDIMENTO'))+' - Descricao: ' + AllTrim(Posicione('BR8',1,xFilial('BR8')+cCodPad+cCodPro,'BR8_DESCRI')) + ' Data do Evento: '+dToc(dDatPro)
0001;3.03.03;GRAUPART;\EQUIPESADT\;3;;0,00;;IIF(ValType(ACODTAB)== 'A' .and. Len(ACODTAB)>0 .and. ACODTAB[1] .and. LEN(ACOMPO) > 0,PLSCHKGPA(COPEMOV,ACODTAB[3],CCODPAD,CCODPRO,CGRAUPAR,nil,DTOC(CDATA)) ,.T.);;5;81;;;;;'Tabela: '+AllTrim(cSlvPad)+' - Codigo: '+AllTrim(cCodPro)+' - Descricao: ' + AllTrim(Posicione('BR8',1,xFilial('BR8')+cCodPad+cCodPro,'BR8_DESCRI')) + ' Data do Evento: '+dToc(dDatPro)
0002;3.03.03;GRAUPARTICIPACAO;\PROFISSIONAIS\;3;;0,00;;IIF(ValType(ACODTAB)== 'A' .and. Len(ACODTAB)>0 .and. ACODTAB[1] .and. LEN(ACOMPO) > 0,PLSCHKGPA(COPEMOV,ACODTAB[3],CCODPAD,CCODPRO,CGRAUPAR,nil,CDATA) ,.T.);;5;81;;;;;'Tabela: '+AllTrim(cSlvPad)+' - Codigo: '+AllTrim(cCodPro)+' - Descricao: ' + AllTrim(Posicione('BR8',1,xFilial('BR8')+cCodPad+cCodPro,'BR8_DESCRI')) + ' Data do Evento: '+dToc(dDatPro)
0003;3.03.03;GRAUPART;\IDENTEQUIPE\IDENTIFICACAOEQUIPE\;3;;0,00;;IIF(ValType(ACODTAB)== 'A' .and. Len(ACODTAB)>0 .and. ACODTAB[1] .and. LEN(ACOMPO) > 0,PLSCHKGPA(COPEMOV,ACODTAB[3],CCODPAD,CCODPRO,CGRAUPAR,nil,DTOC(CDATA)) ,.T.);;5;81;;;;;'Tabela: '+AllTrim(cSlvPad)+' - Codigo: '+AllTrim(cCodPro)+' - Descricao: ' + AllTrim(Posicione('BR8',1,xFilial('BR8')+cCodPad+cCodPro,'BR8_DESCRI')) + ' Data do Evento: '+dToc(dDatPro)
0005;3.03.03;CODIGONAOPERADORA;\DADOSEXECUTANTE\;3;;0,00;;IIF (CTIPO == '2',PBusProfs([%\CODIGONAOPERADORA%],.T.),.T.);;X;26;;;;;'Codigo enviado: '+AllTrim(PVLRTAGXML(aDadosUnic, '\CODIGONAOPERADORA'))
0002;3.03.03;CODIGOPRESTADORNAOPERADORA;\CODPROFISSIONAL\;3;;0,00;;PBusProfs([%\CODIGOPRESTADORNAOPERADORA%],.F.);;X;39;;;;*;'Codigo do profissional enviado nao existe no Cadastro de profissionais ou o codigo: '+AllTrim(PVLRTAGXML(aDadosUnic, '\CODIGOPRESTADORNAOPERADORA'))+' pertence a uma outra RDA'+CHR(13)+CHR(10)+' - Nome Profissional: '+AllTrim(PVLRTAGXML(aDadosUnic, '\EQUIPESADT\NOMEPROF'))+' Codigo Profissional na Operadora: '+AllTrim(PVLRTAGXML(aDadosUnic, '\CODIGOPRESTADORNAOPERADORA'))+' Tabela: '+AllTrim(cSlvPad)+' - Codigo: '+AllTrim(cCodPro)+' - Descricao: '+AllTrim(Posicione('BR8',1,xFilial('BR8')+cCodPad+cCodPro,'BR8_DESCRI'))
0001;3.03.03;CPFCONTRATADO;\CODPROFISSIONAL\;3;;0,00;;PBusProfs([%\CPFCONTRATADO%],.F.);;X;39;;IIF (BB0->( FOUND() ), EVAL({|| CCODRP := BB0->BB0_CGC, CNOMRDA := BB0->BB0_NOME, CNOMPRE := BB0->BB0_NOME}),NIL);;*;'Nome Profissional: '+AllTrim(PVLRTAGXML(aDadosUnic, '\EQUIPESADT\NOMEPROF'))+' Codigo Profissional na Operadora: '+AllTrim(PVLRTAGXML(aDadosUnic, '\CPFCONTRATADO'))+' Tabela: '+AllTrim(cSlvPad)+' - Codigo: '+AllTrim(cCodPro)+' - Descricao: '+AllTrim(Posicione('BR8',1,xFilial('BR8')+cCodPad+cCodPro,'BR8_DESCRI'))
0001;3.03.03;CODIGOPROCEDIMENTO;\;3;;0,00;;IIF(ValType(ACODTAB) == 'A' .and. Len(ACODTAB) > 0, ACODTAB[1],.T.);;X;31;;;;;'Tabela: '+AllTrim(cSlvPad)+' - Codigo: '+AllTrim(cCodPro)+' - Descricao: ' + AllTrim(Posicione('BR8',1,xFilial('BR8')+cCodPad+cCodPro,'BR8_DESCRI')) + ' Data do Evento: '+dToc(dDatPro)
0001;3.03.03;DATAEXECUCAO;\;3;;0,00;;ARETPP[1] .OR. PLSPACINT(CMATRIC, DDATPRO)[1] .OR. PLSCHGBL(CMATRIC, DDATPRO,CTIPO);;X;32;;;;DATAEXECUCAO;'Data Atendimento: '+dtoc(PLSAJUDAT(CDATA))
0002;3.03.03;DATAATENDIMENTO;\;3;;0,00;;ARETPP[1] .OR. PLSPACINT(CMATRIC, DDATPRO)[1] .OR. PLSCHGBL(CMATRIC, DDATPRO,CTIPO);;X;32;;;;DATAATENDIMENTO;'Data Atendimento: '+dtoc(PLSAJUDAT(CDATA))
0001;3.03.03;REGISTROANS;\MENSAGEMTISS\CABECALHO\DESTINO\;3;;0,00;;!(CSLVOPE <> COPEMOV);;X;33;;;;;'Registro da ANS: '+PVLRTAGXML(aDadosUnic, 'CABECALHO\DESTINO\REGISTROANS')+' Operadora Padrao: ' + AllTrim(BA0->(Posicione('BA0',1,xFilial('BA0')+cOpeMov,'BA0_NOMINT'))) + ' Operadora Enviada: ' + AllTrim(BA0->(Posicione('BA0',1,xFilial('BA0')+cSlvOpe,'BA0_NOMINT')))
0001;3.03.03;CONSELHO;\;3;;0,00;;IIF(CTIPO == '1', !( EMPTY(CCRM)),.T.);;X;34;;;;;'Sigla do Conselho: '+AllTrim(cSigla)+' Numero do Conselho: '+AllTrim(cCrm)+' Uf do Conselho: '+AllTrim(cCodUf)
0001;3.03.03;CODIGOPROCEDIMENTO;\;3;;0,00;;IIF(CTIPO == '1', PLSISCON(CCODPAD,CCODPRO),.T.);;X;40;;;;;'Tabela: '+AllTrim(cSlvPad)+' - Codigo: '+AllTrim(cCodPro)+' - Descricao: '+AllTrim(Posicione('BR8',1,xFilial('BR8')+cCodPad+cCodPro,'BR8_DESCRI'))
0001;3.03.03;CARATERATENDIMENTO;\;2;BDR;0,00;23;;;X;41;;;;;'Carater de Atendimento invalido: '+ PVLRTAGXML(aDadosUnic, 'CARATERATENDIMENTO')
0001;3.03.03;CODIGOPROCEDIMENTO;\;3;;0,00;;IIF(CTIPGUI $ '02#05#06' .and. LFOUNDAUT , _PFoundPro(CTIPGUI,CCODPAD,CCODPRO,.F.,NRECNOAUT,CTPPROC) ,.T.);;X;37;;;;;'Tabela: '+AllTrim(cSlvPad)+' - Codigo: '+AllTrim(cCodPro) + ' Numero da senha enviada: '+AllTrim(cNumSen)
0003;3.03.03;CBOS;\EQUIPESADT\;3;;0,00;;;;X;39;;;;*;'Siga Conselho: '+AllTrim(cSigla)+' Codigo Conselho: '+AllTrim(cCrm)+' Estado Conselho: '+AllTrim(cCodUf)+' Nome Profissional: '+AllTrim(PVLRTAGXML(aDadosUnic, '\EQUIPESADT\NOMEPROF'))+' Codigo Profissional na Operadora: '+AllTrim(cCodRP)+' Tabela: '+AllTrim(cSlvPad)+' - Codigo: '+AllTrim(cCodPro)+' - Descricao: '+AllTrim(Posicione('BR8',1,xFilial('BR8')+cCodPad+cCodPro,'BR8_DESCRI'))
0001;3.03.03;DATAEXECUCAO;\;3;;0,00;;.T.;;X;42;;;;;'Tabela: '+AllTrim(cSlvPad)+' - Codigo: '+AllTrim(cCodPro)+' - Descricao: '+AllTrim(Posicione('BR8',1,xFilial('BR8')+cCodPad+cCodPro,'BR8_DESCRI'))
0001;3.03.03;REGIMEINTERNACAO;\;2;BQR;0,00;41;;;X;43;;;;;'Regime de Internacao invalido: '+PVLRTAGXML(aDadosUnic, 'REGIMEINTERNACAO')
0002;3.03.03;REGISTROANS;\MENSAGEMTISS\CABECALHO\ORIGEM\;3;;0,00;;!(CSLVOPE <> COPEMOV);;X;33;;;;;'Registro da ANS: '+PVLRTAGXML(aDadosUnic, 'CABECALHO\DESTINO\REGISTROANS')+' Operadora Padao: '+AllTrim(BA0->(Posicione('BA0',1,xFilial('BA0')+cOpeMov,'BA0_NOMINT'))) + ' Operadora Enviada: ' + AllTrim(BA0->(Posicione('BA0',1,xFilial('BA0')+cSlvOpe,'BA0_NOMINT')))
0001;3.03.03;CODIGOPROCEDIMENTO;\;3;;0,00;;IIF (LFOUNDAUT , _PFoundPro(CTIPGUI,CCODPAD,CCODPRO,.T.,NRECNOAUT,CTPPROC), .T.);;X;44;;;;;'Para este procedimento foi solicitada a pre-autorizaca mas nao foi autorizado pela operadora. Tabela: '+AllTrim(cSlvPad)+' - Codigo: '+AllTrim(PVLRTAGXML(aDadosUnic, '\CODIGOPROCEDIMENTO'))+' - Descricao: '+AllTrim(Posicione('BR8',1,xFilial('BR8')+cCodPad+cCodPro,'BR8_DESCRI')) +' Numero da senha enviada: '+AllTrim(cNumSen)
0001;3.03.03;QUANTIDADEEXECUTADA;\GUIASP_SADT\PROCEDIMENTOSEXECUTADOS\PROCEDIMENTOEXECUTADO\;3;;0,00;;PLQTDPRE();;X;28;;;;;'Tabela: '+AllTrim(cSlvPad)+' - Codigo: '+AllTrim(cCodPro)+' - Descricao: '+AllTrim(Posicione('BR8',1,xFilial('BR8')+cCodPad+cCodPro,'BR8_DESCRI'))+' Quantidade enviada: '+alltrim(str(nQtdPro))+' Numero da senha enviada: '+AllTrim(cNumSen)
0001;3.03.03;TIPOATENDIMENTO;\;2;BD5;0,00;50;;;5;44;;;;;'Tipo de Atendimento Invalido: '+PVLRTAGXML(aDadosUnic, 'TIPOATENDIMENTO')
0001;3.03.03;CODIGOPRESTADORNAOPERADORA;\ORIGEM\IDENTIFICACAOPRESTADOR\;3;BAW;1,00;;IIF(BAW->(MSSEEK(XFILIAL('BAW')+CRDAORI+COPEMOV)),PCHKVIGOPE(), .T.);;0;9G;;;;; 
0001;3.03.03;CODIGOPRESTADORNAOPERADORA;\ORIGEM\IDENTIFICACAOPRESTADOR\;3;BAW;1,00;;BAW->(MSSEEK(XFILIAL('BAW')+CRDAORI+COPEMOV));;5;11;;;01;;'Operadora do Prestador:' + AllTrim(cOpeMov) + ' Local de Atendimento:' + AllTrim(cCodLoc)
0002;3.03.03;CODIGOPRESTADORNAOPERADORA;\ORIGEM\IDENTIFICACAOPRESTADOR\;3;BAW;1,00;;BAW->(MSSEEK(XFILIAL('BAW')+CRDAORI+PLSINTPAD()));;5;11;;;01;;'Operadora do Prestador:' + AllTrim(cOpeMov) + ' Local de Atendimento:' + AllTrim(cCodLoc)
0001;3.03.03;TIPOFATURAMENTO;\DADOSINTERNACAO\;3;;0,00;;IIF (CTIPO == '3' .AND. !(CTIPGUI$'06'), !(EMPTY(PLSAJUDAT([%\DADOSINTERNACAO\DATAFINALFATURAMENTO%])) .AND. [%\DADOSINTERNACAO\TIPOFATURAMENTO%] == '4'), .T.);;5;61;;;;;'Tipo do Faturamento: TotalData da Alta: VAZIO'
0001;3.03.03;VALORPROCEDIMENTO;\MENSAGEMTISS\PRESTADORPARAOPERADORA\LOTEGUIAS\GUIASTISS\GUIACONSULTA\DADOSATENDIMENTO\PROCEDIMENTO\;3;;0;;PLVALUNIT(CVALUNIT);;X;52;;;;;
0002;3.03.03;VALORUNITARIO;\MENSAGEMTISS\PRESTADORPARAOPERADORA\LOTEGUIAS\GUIASTISS\GUIAHONORARIOS\PROCEDIMENTOSREALIZADOS\PROCEDIMENTOREALIZADO\;3;;0;;PLVALUNIT(CVALUNIT);;X;52;;;;;
0003;3.03.03;VALORUNITARIO;\MENSAGEMTISS\PRESTADORPARAOPERADORA\LOTEGUIAS\GUIASTISS\GUIARESUMOINTERNACAO\PROCEDIMENTOSEXECUTADOS\PROCEDIMENTOEXECUTADO\;3;;0;;PLVALUNIT(CVALUNIT);;X;52;;;;;
0004;3.03.03;VALORUNITARIO;\MENSAGEMTISS\PRESTADORPARAOPERADORA\LOTEGUIAS\GUIASTISS\GUIASP_SADT\PROCEDIMENTOSEXECUTADOS\PROCEDIMENTOEXECUTADO\;3;;0;;PLVALUNIT(CVALUNIT);;X;52;;;;;
0001;3.03.03;CODIGOPROCEDIMENTO;\MENSAGEMTISS\PRESTADORPARAOPERADORA\LOTEGUIAS\GUIASTISS\GUIASP_SADT\PROCEDIMENTOSEXECUTADOS\PROCEDIMENTOEXECUTADO\PROCEDIMENTO\;3;;0;;VLDQTDSER(CCODPRO, NQTDPRO,ACLASPROC);;X;53;;;;;
0002;3.03.03;CODIGOPROCEDIMENTO;\MENSAGEMTISS\PRESTADORPARAOPERADORA\LOTEGUIAS\GUIASTISS\GUIARESUMOINTERNACAO\PROCEDIMENTOSEXECUTADOS\PROCEDIMENTOEXECUTADO\PROCEDIMENTO\;3;;0;;VLDQTDSER(CCODPRO, NQTDPRO,ACLASPROC);;X;53;;;;;
0003;3.03.03;CODIGOPROCEDIMENTO;\MENSAGEMTISS\PRESTADORPARAOPERADORA\LOTEGUIAS\GUIASTISS\GUIACONSULTA\DADOSATENDIMENTO\PROCEDIMENTO\;3;;0;;VLDQTDSER(CCODPRO, NQTDPRO,ACLASPROC);;X;53;;;;;
0004;3.03.03;CODIGOPROCEDIMENTO;\MENSAGEMTISS\PRESTADORPARAOPERADORA\LOTEGUIAS\GUIASTISS\GUIAHONORARIOS\PROCEDIMENTOSREALIZADOS\PROCEDIMENTOREALIZADO\PROCEDIMENTO\;3;;0;;VLDQTDSER(CCODPRO, NQTDPRO,ACLASPROC);;X;53;;;;;
0005;3.03.03;QUANTIDADEEXECUTADA;\MENSAGEMTISS\PRESTADORPARAOPERADORA\LOTEGUIAS\GUIASTISS\GUIASP_SADT\PROCEDIMENTOSEXECUTADOS\PROCEDIMENTOEXECUTADO\;3;;0;;PLVALPRSE(CCODPRO,CRDAORI, CMATRIC, DDATAPRCRE,  ACLASPROC,CTIPO,CCODPAD,CNUMIMP);;X;53;;;;;
0006;3.03.03;QUANTIDADEEXECUTADA;\MENSAGEMTISS\PRESTADORPARAOPERADORA\LOTEGUIAS\GUIASTISS\GUIARESUMOINTERNACAO\PROCEDIMENTOSEXECUTADOS\PROCEDIMENTOEXECUTADO\;3;;0;;PLVALPRSE(CCODPRO,CRDAORI, CMATRIC, DDATAPRCRE,  ACLASPROC,CTIPO,CCODPAD,CNUMIMP);;X;53;;;;;
0007;3.03.03;CODIGOPROCEDIMENTO;\MENSAGEMTISS\PRESTADORPARAOPERADORA\LOTEGUIAS\GUIASTISS\GUIACONSULTA\DADOSATENDIMENTO\PROCEDIMENTO\;3;;0;;PLVALPRSE(CCODPRO,CRDAORI, CMATRIC, DDATAPRCRE,  ACLASPROC,CTIPO,CCODPAD,CNUMIMP);;X;53;;;;;
0008;3.03.03;CODIGOPROCEDIMENTO;\MENSAGEMTISS\PRESTADORPARAOPERADORA\LOTEGUIAS\GUIASTISS\GUIAHONORARIOS\PROCEDIMENTOSREALIZADOS\PROCEDIMENTOREALIZADO\PROCEDIMENTO\;3;;0;;PLVALPRSE(CCODPRO,CRDAORI, CMATRIC, DDATAPRCRE,  ACLASPROC,CTIPO,CCODPAD,CNUMIMP);;X;53;;;;;
0001;3.03.03;VALORUNITARIO;\MENSAGEMTISS\PRESTADORPARAOPERADORA\LOTEGUIAS\GUIASTISS\GUIASP_SADT\PROCEDIMENTOSEXECUTADOS\PROCEDIMENTOEXECUTADO\;3;;0;;VLDAPRXML(DDATAPRCRE,COPEMOV,CRDAORI,CCODLOC,CCODPAD,CCODPRO,NQTDPRO,CHORA,ADADUSR,CTIPO,CVALUNIT);;X;54;;;;;
0002;3.03.03;VALORUNITARIO;\MENSAGEMTISS\PRESTADORPARAOPERADORA\LOTEGUIAS\GUIASTISS\GUIARESUMOINTERNACAO\PROCEDIMENTOSEXECUTADOS\PROCEDIMENTOEXECUTADO\;3;;0;;VLDAPRXML(DDATAPRCRE,COPEMOV,CRDAORI,CCODLOC,CCODPAD,CCODPRO,NQTDPRO,CHORA,ADADUSR,CTIPO,CVALUNIT);;X;54;;;;;
0003;3.03.03;VALORPROCEDIMENTO;\MENSAGEMTISS\PRESTADORPARAOPERADORA\LOTEGUIAS\GUIASTISS\GUIACONSULTA\DADOSATENDIMENTO\TIPOCONSULTA\;3;;0;;VLDAPRXML(DDATAPRCRE,COPEMOV,CRDAORI,CCODLOC,CCODPAD,CCODPRO,NQTDPRO,CHORA,ADADUSR,CTIPO,CVALUNIT);;X;54;;;;;
0004;3.03.03;VALORUNITARIO;\MENSAGEMTISS\PRESTADORPARAOPERADORA\LOTEGUIAS\GUIASTISS\GUIAHONORARIOS\PROCEDIMENTOSREALIZADOS\PROCEDIMENTOREALIZADO\;3;;0;;VLDAPRXML(DDATAPRCRE,COPEMOV,CRDAORI,CCODLOC,CCODPAD,CCODPRO,NQTDPRO,CHORA,ADADUSR,CTIPO,CVALUNIT);;X;54;;;;;
0001;3.03.03;REDUCAOACRESCIMO;\MENSAGEMTISS\PRESTADORPARAOPERADORA\LOTEGUIAS\GUIASTISS\GUIASP_SADT\PROCEDIMENTOSEXECUTADOS\PROCEDIMENTOEXECUTADO\;3;;0;;IIF (val(CREDACR) > 0, IIF (CTIPO $ '234',PLVLRDACRZ(),.T.), .F.);;X;57;;;;;PLCRIX57(1)
0002;3.03.03;REDUCAOACRESCIMO;\MENSAGEMTISS\PRESTADORPARAOPERADORA\LOTEGUIAS\GUIASTISS\GUIARESUMOINTERNACAO\PROCEDIMENTOSEXECUTADOS\PROCEDIMENTOEXECUTADO\;3;;0;;IIF (val(CREDACR) > 0, IIF (CTIPO $ '234',PLVLRDACRZ(),.T.), .F.);;X;57;;;;;PLCRIX57(2)
0003;3.03.03;REDUCAOACRESCIMO;\MENSAGEMTISS\PRESTADORPARAOPERADORA\LOTEGUIAS\GUIASTISS\GUIAHONORARIOS\PROCEDIMENTOSREALIZADOS\PROCEDIMENTOREALIZADO\;3;;0;;IIF (val(CREDACR) > 0, IIF (CTIPO $ '234',PLVLRDACRZ(),.T.), .F.);;X;57;;;;;PLCRIX57(3)
0004;3.03.03;REDUCAOACRESCIMO;\MENSAGEMTISS\PRESTADORPARAOPERADORA\LOTEGUIAS\GUIASTISS\GUIARESUMOINTERNACAO\OUTRASDESPESAS\DESPESA\SERVICOSEXECUTADOS\;3;;0;;IIF (val(CREDACR) > 0, IIF (CTIPO $ '234',PLVLRDACRZ(),.T.), .F.);;X;57;;;;;PLCRIX57(4)
0001;3.03.03;DATAATENDIMENTO;\MENSAGEMTISS\PRESTADORPARAOPERADORA\LOTEGUIAS\GUIASTISS\GUIACONSULTA\DADOSATENDIMENTO\;3;;0;;CDATA >= PLSDtX58() - GETNewPar('MV_PLSDTAT', 90);;X;58;;;;;'Existem guias com data de atendimento fora do prazo maximo para envio (' + Alltrim(Str(GetMv("MV_PLSDTAT"))) + ' dias).'
0002;3.03.03;DATAEXECUCAO;\MENSAGEMTISS\PRESTADORPARAOPERADORA\LOTEGUIAS\GUIASTISS\GUIASP_SADT\PROCEDIMENTOSEXECUTADOS\PROCEDIMENTOEXECUTADO\;3;;0;;CDATA >= PLSDtX58() - GETNewPar('MV_PLSDTAT', 90);;X;58;;;;;'Existem guias com data de atendimento fora do prazo maximo para envio (' + Alltrim(Str(GetMv("MV_PLSDTAT"))) + ' dias).'
0003;3.03.03;DATAEXECUCAO;\MENSAGEMTISS\PRESTADORPARAOPERADORA\LOTEGUIAS\GUIASTISS\GUIARESUMOINTERNACAO\PROCEDIMENTOSEXECUTADOS\PROCEDIMENTOEXECUTADO\;3;;0;;CDATA >= PLSDtX58() - GETNewPar('MV_PLSDTAT', 90);;X;58;;;;;'Existem guias com data de atendimento fora do prazo maximo para envio (' + Alltrim(Str(GetMv("MV_PLSDTAT"))) + ' dias).'
0005;3.03.03;DATAEXECUCAO;\MENSAGEMTISS\PRESTADORPARAOPERADORA\LOTEGUIAS\GUIASTISS\GUIAHONORARIOS\PROCEDIMENTOSREALIZADOS\PROCEDIMENTOSREALIZADO\;3;;0;;CDATA >= PLSDtX58() - GETNewPar('MV_PLSDTAT', 90);;X;58;;;;;'Existem guias com data de atendimento fora do prazo maximo para envio (' + Alltrim(Str(GetMv("MV_PLSDTAT"))) + ' dias).'
0001;3.03.03;CBO;\;3;;0;24;PlTrCBOSUB('X55',_CCBOEXE,_CCBOSOL,_CCODESP,_CESPEXE,_CESPSOL,ADADUSR,ADADRDA,CCODPAD,CCODPRO);;X;55;;;;CODIGOPROCEDIMENTO;
0001;3.03.03;CBO;\;3;;0;24;PlTrCBOSUB('X59',_CCBOEXE,_CCBOSOL,_CCODESP,_CESPEXE,_CESPSOL);;X;59;;;;CODIGOPROCEDIMENTO;
0001;3.03.03;CBO;\;2;BAQ;0;24;;;X;25;;;;;
0002;3.03.03;CBO;\;3;;0;;PlTrCBOSUB('X25',_CCBOEXE,_CCBOSOL,_CCODESP,_CESPEXE,_CESPSOL);;X;25;;;;;
0001;3.03.03;CODIGOPROCEDIMENTO;\;3;;0;;A973CHEBLO('BAU');;X;60;;;;CODIGOPRESTADORNAOPERADORA;
0001;3.03.03;CBO;\;3;;0;;A973CHEBLO('BB0',CSIGLA,CCRM,CCODUF);;X;61;;;;NOMEPROF;
0001;3.03.03;CNES;\;3;;0;;P973VldLoc(ADADOSUNIC);;X;62;;;;;
0002;3.03.03;CNESEXEC;\;3;;0;;P973VldLoc(ADADOSUNIC, .T.);;X;62;;;;;
0005;3.03.03;VALORTOTAL;\MENSAGEMTISS\PRESTADORPARAOPERADORA\LOTEGUIAS\GUIASTISS\GUIARESUMOINTERNACAO\OUTRASDESPESAS\DESPESA\SERVICOSEXECUTADOS\;3;;0;;PLVALUNIT(NVALTOT);;X;52;;;;;
0006;3.03.03;VALORUNITARIO;\MENSAGEMTISS\PRESTADORPARAOPERADORA\LOTEGUIAS\GUIASTISS\GUIARESUMOINTERNACAO\OUTRASDESPESAS\DESPESA\SERVICOSEXECUTADOS\;3;;0;;PLVALUNIT(CVALUNIT);;X;52;;;;;
0007;3.03.03;QUANTIDADEEXECUTADA;\MENSAGEMTISS\PRESTADORPARAOPERADORA\LOTEGUIAS\GUIASTISS\GUIARESUMOINTERNACAO\OUTRASDESPESAS\DESPESA\SERVICOSEXECUTADOS\;3;;0;;PLVALUNIT(STR(NQTDPRO));;X;52;;;;;
0008;3.03.03;VALORUNITARIO;\MENSAGEMTISS\PRESTADORPARAOPERADORA\LOTEGUIAS\GUIASTISS\GUIASP_SADT\OUTRASDESPESAS\DESPESA\SERVICOSEXECUTADOS\;3;;0;;PLVALUNIT(CVALUNIT);;X;52;;;;;
0009;3.03.03;VALORTOTAL;\MENSAGEMTISS\PRESTADORPARAOPERADORA\LOTEGUIAS\GUIASTISS\GUIASP_SADT\OUTRASDESPESAS\DESPESA\SERVICOSEXECUTADOS\;3;;0;;PLVALUNIT(NVALTOT);;X;52;;;;;
0010;3.03.03;QUANTIDADEEXECUTADA;\MENSAGEMTISS\PRESTADORPARAOPERADORA\LOTEGUIAS\GUIASTISS\GUIASP_SADT\OUTRASDESPESAS\DESPESA\SERVICOSEXECUTADOS\ ;3;;0;;PLVALUNIT(STR(NQTDPRO));;X;52;;;;;
0001;3.03.03;MOTIVOENCERRAMENTO;\;3;;0;;IIf([%\MOTIVOENCERRAMENTO%] <> '41', .T., !(EmpTy([%\DECLARACAOOBITO%])));;X;63;;;;;
0002;3.03.03;DATAATENDIMENTO;\;3;;0,00;;.T.;;X;42;;;;;'Tabela: '+AllTrim(cSlvPad)+' - Codigo: '+AllTrim(cCodPro)+' - Descricao: '+AllTrim(Posicione('BR8',1,xFilial('BR8')+cCodPad+cCodPro,'BR8_DESCRI'))
0001;3.03.03;NOMEPROFISSIONAL;\MENSAGEMTISS\PRESTADORPARAOPERADORA\LOTEGUIAS\GUIASTISS\GUIAHONORARIOS\PROCEDIMENTOSREALIZADOS\PROCEDIMENTOREALIZADO\PROFISSIONAIS\;3;;0;;PLSUSRINTE(CMATRIC, DDATPRO, , , , , , , .f., CNUMIMPOP, CNUMSEN)[1];0001;X;65;;;;DATAEXECUCAO;
0003;3.03.03;CODIGOPROCEDIMENTO;\;3;;0,00;;!( DDATPRO > MSDATE() );;X;42;;;;;'Tabela: '+AllTrim(cSlvPad)+' - Codigo: '+AllTrim(cCodPro)+' - Descricao: '+AllTrim(Posicione('BR8',1,xFilial('BR8')+cCodPad+cCodPro,'BR8_DESCRI'))
0002;3.03.03;CODIGOPROCEDIMENTO;\;4;;0,00;;;;X;27;;;;;