BVP_TISVER;BVP_NOMVAR;BVP_VLREXP;BVP_ALIAS;BVP_INDICE;BVP_DADSEK;BVP_ORDEM
3.03.03;COPEMOV;PLSINTPAD();;0;;001
3.03.03;CARQXML;CFILEXML;;0;;002
3.03.03;CFILESEQ;SUBSTR(SUBSTR(CFILEXML,RAT(PLSMUDSIS('\'),CFILEXML)+1,LEN(CFILEXML)),1,RAT('_',CFILEXML)-RAT(PLSMUDSIS('\'),CFILEXML)-1);;0;;003
3.03.03;CFILEDEL;SUBSTR(SUBSTR(CFILEXML,RAT(PLSMUDSIS('\'),CFILEXML)+1,LEN(CFILEXML)),RAT('_',CFILEXML)-RAT(PLSMUDSIS('\'),CFILEXML),1);;0;;004
3.03.03;CFILEHAS;UPPER(ALLTRIM( SUBSTR(SUBSTR(CFILEXML,RAT(PLSMUDSIS('\'),CFILEXML)+1,LEN(CFILEXML)),RAT('_',CFILEXML)-RAT(PLSMUDSIS('\'),CFILEXML)+1,RAT('.',CFILEXML)-RAT('_',CFILEXML)-1) ) );;0;;005
3.03.03;CTPGUIAS;Iif(Findfunction("P973TpGui"),P973TpGui(),'GUIASP_SADT,GUIARESUMOINTERNACAO,GUIAHONORARIOINDIVIDUAL,GUIAHONORARIOS,GUIACONSULTA,GUIAODONTO,SOLICITACAOSP-SADT,SOLICITACAOINTERNACAO,SOLICITACAOPRORROGACAO,SOLICITACAOODONTOLOGIA');;0;;006
3.03.03;CGUIA;PLSTPGUIA(CTPGUIAS, ADADOSUNIC);;0;;007
3.03.03;CTIPO;IIF('CONSULTA' $ CGUIA,'1',IIF('SADT' $ CGUIA,'2',IIF('INTERNACAO' $ CGUIA,'3', IIF('HONORARIO' $ CGUIA,'3','4') )));;0;;008
3.03.03;CORIGGU;'1';;0;;009
3.03.03;CTIPGUI;IIF('CONSULTA' $ CGUIA,'01',IIF('SADT' $ CGUIA,'02',IIF('INTERNACAO' $ CGUIA,'05', IIF('HONORARIO' $ CGUIA,'06','07') )));;0;;010
3.03.03;CRDAORI;PLAJUSTRDA(PVLRTAGXML(ADADOSUNIC, '[%\ORIGEM\IDENTIFICACAOPRESTADOR\CNPJ,\ORIGEM\IDENTIFICACAOPRESTADOR\CPF,\ORIGEM\IDENTIFICACAOPRESTADOR\CODIGOPRESTADORNAOPERADORA%]'));;0;;011
3.03.03;CTPTRAN;[%\mensagemTISS\cabecalho\identificacaoTransacao\tipoTransacao%];;0;;012
3.03.03;CSEQTRAN;[%\mensagemTISS\cabecalho\identificacaoTransacao\sequencialTransacao%];;0;;013
3.03.03;CSLVOPE;BA0->(BA0_CODIDE+BA0_CODINT);BA0;5;XFILIAL('BA0')+ [%\MENSAGEMTISS\CABECALHO\DESTINO\REGISTROANS%];014
3.03.03;CMATRIC;IiF(Findfunction("PlMatValida"), PlMatValida([%\NUMEROCARTEIRA%],[%\NOMEBENEFICIARIO%]), [%\NUMEROCARTEIRA%]);;0;;015
3.03.03;CNOMEUSU;strTran(StrTran([%\NOMEBENEFICIARIO%], chr(34), chr(32)), chr(39), chr(32));;0;;016
3.03.03;CGUIPRI;[%\GUIAPRINCIPAL%];;0;;017
3.03.03;CNUMIMP;[%\NUMEROGUIAPRESTADOR%];;0;;018
3.03.03;CNUMIMPOP;[%\GUIAOPERADORA%];;0;;019
3.03.03;CNUMSEN;[%\SENHA%];;0;;020
3.03.03;CCODRP;PLSEXECDAD();;0;;021
3.03.03;NIDX;IIF (LEN(CCODRP) == 11 .OR. LEN(CCODRP) == 14, 4, 1);;0;;022
3.03.03;NIDXP;IIF (LEN(CRDAORI) == 11 .OR. LEN(CRDAORI) == 14, 4, 1);;0;;023
3.03.03;CSLVPAD;[%\CODIGOTABELA%];;0;;024
3.03.03;CSLVPRO;Iif(ValType([%\CODIGOPROCEDIMENTO%]) <> 'C', '',[%\CODIGOPROCEDIMENTO%]);;0;;025
3.03.03;CCODPAD;PADR(PLSVARVINC('87', 'BR4', [%\CODIGOTABELA%]), 2);;0;;026
3.03.03;CCODPRO;PADR(PLSVARVINC([%\CODIGOTABELA%] , 'BR8', Iif(ValType([%\CODIGOPROCEDIMENTO%]) <> 'C', '',[%\CODIGOPROCEDIMENTO%]),CCODPAD+CSLVPRO,'\CODIGOPROCEDIMENTO',ATABDUP,@CCODPAD), 16);;0;;027
3.03.03;CTPPROC;'';;0;;028
3.03.03;NQTDPRO;IIF(ISDIGIT([%\QUANTIDADEEXECUTADA%]), VAL([%\QUANTIDADEEXECUTADA%]), IIF(ISDIGIT([%\QTDPROC%]), VAL([%\QTDPROC%]), 0));;0;;029
3.03.03;CCODUF;If(!Empty([%\UF%]),PADR(PLSVARVINC('59', NIL, [%\UF%]), 2),'');;0;;030
3.03.03;CDATA;PLSAJUDAT(PVLRTAGXML(ADADOSUNIC, '[%GUIACONSULTA\DADOSATENDIMENTO\DATAATENDIMENTO,\PROCEDIMENTOEXECUTADO\DATAEXECUCAO,\PROCEDIMENTOREALIZADO\DATAEXECUCAO,\PROCEDIMENTOSEXECUTADOS\DATAREALIZACAO,\SERVICOSEXECUTADOS\DATAEXECUCAO%]'));;0;;031
3.03.03;DDATPRO;PLSAJUDAT(PVLRTAGXML(ADADOSUNIC,'[%GUIACONSULTA\DADOSATENDIMENTO\DATAATENDIMENTO,\DATAEXECUCAO,\DATAREALIZACAO,\GUIAHONORARIOS\PROCEDIMENTOSREALIZADOS\PROCEDIMENTOREALIZADO\DATAEXECUCAO%]') );;0;;032
3.03.03;CCODLOC;PL973RETLOC(CCODRP,COPEMOV,'[%\CNES,\CNESEXEC%]');;0;;033
3.03.03;CLOCAL;BB8->BB8_CODLOC;BB8;1;XFILIAL('BB8')+CCODRP;034
3.03.03;ARETFUN;PLSDADUSR(CMATRIC,'1',.F.,DDATPRO);;0;;035
3.03.03;ADADUSR;PLSGETUSR();;0;;036
3.03.03;CCODPLA;IIF(LEN(ADADUSR)>=11,ADADUSR[11],'');;0;;037
3.03.03;ARETPP;PLSVLDCON([%\NUMEROCARTEIRA%],PLSAJUDAT(PVLRTAGXML(ADADOSUNIC,'[%GUIACONSULTA\DADOSATENDIMENTO\DATAATENDIMENTO,\DATAEXECUCAO,\GUIAHONORARIOS\PROCEDIMENTOSREALIZADOS\PROCEDIMENTOREALIZADO\DATAEXECUCAO,\PROCEDIMENTOSEXECUTADOS\DATAREALIZACAO%]') ),NIL,NIL,'1',NIL,NIL,CRDAORI,NIL,.F.);;0;;038
3.03.03;AITELIB;_PRETAULI(CNUMSEN);;0;;039
3.03.03;CCODSIGLA;PVLRTAGXML(ADADOSUNIC, '[%\CONSELHO,\CONSELHOPROFISSIONAL%]');;0;;040
3.03.03;CCRM;[%\NUMEROCONSELHOPROFISSIONAL%];;0;;041
3.03.03;DDATAPRCRE;PLSAJUDAT(PVLRTAGXML(ADADOSUNIC, '[%\PROCEDIMENTOEXECUTADO\DATAEXECUCAO,\PROCEDIMENTOREALIZADO\DATAEXECUCAO,\PROCEDIMENTOSEXECUTADOS\DATAREALIZACAO,\DATAATENDIMENTO%]'));;0;;042
3.03.03;NRECBE2;0;;0;;043
3.03.03;NRECNOAUT;0;;0;;044
3.03.03;CSIGLA;PlBCodSi(PVLRTAGXML(ADADOSUNIC, '[%\CONSELHO,\CONSELHOPROFISSIONAL%]'));;0;;045
3.03.03;LFOUNDAUT;.F.;;0;;046
3.03.03;CHORA;IIF(CTIPO $ '234', [%PROCEDIMENTOSEXECUTADOS\PROCEDIMENTOEXECUTADO\HORAINICIAL%], TIME());;0;;047
3.03.03;NVALTOTG;0;;0;;048
3.03.03;CNOMEPRO;[%\EQUIPESADT\NOMEPROF%];;0;;049
3.03.03;CGRAUPAR;PVLRTAGXML(ADADOSUNIC, '[%\GRAUPART,\GRAUPARTICIPACAO%]');;0;;050
3.03.03;CVALUNIT;IIF( CGUIA == '1', [%\VALORPROCEDIMENTO%] , [%\VALORUNITARIO%]);;0;;051
3.03.03;ACLASPROC;PLCLASERI('2');;0;;052
3.03.03;NVALTOT;[%\VALORTOTAL%];;0;;053
3.03.03;CREDACR;IIF(Val([%\REDUCAOACRESCIMO%]) >= 100, AllTrim(Str(Val([%\REDUCAOACRESCIMO%])/100)), [%\REDUCAOACRESCIMO%]);;0;;054
3.03.03;ARETRDA;PLSDADRDA(COPEMOV,CRDAORI,'1',DDATPRO);;0;;055
3.03.03;ADADRDA;PLSGETRDA();;0;;056
3.03.03;_LPLSCTES;GetNewPar('MV_PLSCTES','0') == '1';;0;;057
3.03.03;_CCBOSOL;PlCarCBOVar('1',ADADOSUNIC,,[%\PROFISSIONALSOLICITANTE\CBOS%]);;0;;058
3.03.03;_CCBOEXE;PlCarCBOVar('2',ADADOSUNIC,,[%\CBOS%],[%\CBO%]);;0;;059
3.03.03;_CESPSOL;PlCarCBOVar('3',ADADOSUNIC,,[%\PROFISSIONALSOLICITANTE\CBOS%]);;0;;060
3.03.03;_CESPEXE;PlCarCBOVar('4',ADADOSUNIC,,[%\CBOS%],[%\CBO%]);;0;;061
3.03.03;_CCODESP;PlCarCBOVar('5',ADADOSUNIC,,[%\CBOS%]);;0;;062
3.03.03;ACODTAB;PLSRETTAB(CCODPAD,PLSASPAS(CCODPRO),DDATPRO, COPEMOV,CRDAORI,_CCODESP,'',CCODLOC+CLOCAL,DDATPRO,'1',COPEMOV,CCODPLA,'2','1');;0;;063
3.03.03;ACOMPO;PLSCOMEVE(ACODTAB[3],PNewTabDup(aTabDup, 'BR8', PADR(PLSVARVINC([%\CODIGOTABELA%] , 'BR8', [%\CODIGOPROCEDIMENTO%],CCODPAD+CSLVPRO,'\CODIGOPROCEDIMENTO',ATABDUP,@CCODPAD), 16), [%\CODIGOTABELA%]),PADR(PLSVARVINC([%\CODIGOTABELA%] , 'BR8', [%\CODIGOPROCEDIMENTO%],CCODPAD+CSLVPRO,'\CODIGOPROCEDIMENTO',ATABDUP,@CCODPAD), 16),COPEMOV,DDATPRO);;0;;064
3.03.03;CNVCRIXML;'';;0;;065
3.03.03;CCOMPCRI;'';;0;;066
3.03.03;LPLHAT;.F.;;0;;067