BVR_TISVER;BVR_TRANS;BVR_WEBSER;BVR_EXPVLD
3.03.03;VERIFICA_ELEGIBILIDADE;TISSVERIFICAELEGIBILIDADE;PLSVEB(ADADOS)
3.03.03;SOLICITA_STATUS_AUTORIZACAO;TISSSOLICITACAOSTATUSAUTORIZACAO;PLSSAB(ADADOS)
3.03.03;CANCELA_GUIA;TISSCANCELAGUIA;PLSCGB(ADADOS)
3.03.03;SOLIC_STATUS_PROTOCOLO;TISSSOLICITACAOSTATUSPROTOCOLO;PLSSPB(ADADOS)
3.03.03;SOLIC_DEMONSTRATIVO_RETORNO;TISSSOLICITACAODEMONSTRATIVORETORNO;PLSGRELWS(ADADOS)
3.03.03;RECURSO_GLOSA;TISSRECURSOGLOSA;PLSSRG(ADADOS,AMATM)
3.03.03;SOLIC_STATUS_RECURSO_GLOSA;TISSSOLICITACAOSTATUSRECURSOGLOSA;PLSSTATRG(ADADOS)
