DE0_CODLAY~DE0_CODREG~DE0_STATUS~DE0_TAMREG~DE0_IDTREG~DE0_CODRCP~DE0_OCOREG~DE0_ALIAS~DE0_POSICI~DE0_POSORD~DE0_POSCHV~DE0_COND~DE0_VALID~DE0_NOMARQ~DE0_CTRTAM~DE0_CODQRY~DE0_CODRC2~DE0_CODRC3
000001~R101~1~46,00~101~R102~0.00~~2~0~~~~~~~~
000001~R102~1~288,00~102~R103~0.00~BQC~1~1~XFILIAL("BQC")+CINTINI+CEMPINI~BQC->(!Eof()) .and. ( BQC->BQC_CODIGO==CINTINI+CEMPINI)~BQC_CODINT+BQC_CODEMP==CINTINI+CEMPINI~~~~~
000001~R103~1~82,00~103~R104~0.00~~2~~~~~~~~~
000001~R104~1~429,00~104~R105~0.00~BA1~1~1~BQC->(XFILIAL("BA1") + BQC_CODIGO)~XFILIAL("BA1") +BQC->(BQC_CODIGO) == BA1->(BA1_FILIAL+BA1_CODINT+BA1_CODEMP)~Posicione("BA3",1,xFilial("BA3")+BA1->(BA1_CODINT+BA1_CODEMP+BA1_MATRIC+BA1_CONEMP+BA1_VERCON+BA1_SUBCON+BA1_VERSUB),"BA3_STAEDI")$"12 "~~~~R106~R107
000001~R105~1~22,00~105~~0.00~TMP~1~1~"C"~TMP->(!EOF())~~~~~~
000001~R106~1~33,00~106~~0.00~BF4~1~1~XFILIAL("BF4") +BA1->(BA1_CODINT+BA1_CODEMP + BA1_MATRIC)~XFILIAL("BF4") +BA1->(BA1_CODINT+BA1_CODEMP + BA1_MATRIC)==BF4->(BF4_FILIAL+BF4_CODINT+BF4_CODEMP+BF4_MATRIC)~.T.~~~~~
000001~R107~1~137,00~107~~0.00~~2~~~~~~~~~
000001~R109~1~75,00~109~~0.00~~2~~~~~~~~~
800000~POS700~1~107,00~~~0.00~~2~~~SUBSTR(CLINTXT,1,4)=="0700"~~~~~~
800000~POS701~1~136,00~~PSI701~0.00~~2~~~SubStr(cLinTXT,1,4)=="0701"~~~~~~
800000~POS711~1~82,00~~PSI711~0.00~~2~~~PlsPosGet("CODTRANS")=="0701"~~cNomArq+'.out'~~~~
800000~POS704~2~107,00~~~0.00~~2~~~~~~~~~
800000~POS714~2~107,00~~~0.00~~2~~~~~~~~~
800000~POS705~1~122,00~~~0.00~~2~~~SubStr(cLinTXT,1,4)=="0705"~~~~~~
800000~POS715~1~50.00~~~0.00~~2~~~PlsPosGet("CODTRANS")=="0705"~~cNomArq+'.out'~~~~
800000~POS707~2~107,00~~~0.00~~2~~~~~~~~~
800000~POS717~2~107,00~~~0.00~~2~~~~~~~~~
800000~POS720~2~107,00~~~0.00~~2~~~~~~~~~
800000~POS710~1~62,00~~~0.00~~2~~~PlsPosGet("CODTRANS")=="0700"~~cNomArq+'.out'~~~~
800000~PSI701~1~14,00~~~0.00~~2~~~cRegOri=='POS701'~~~~~~
800000~PSI711~1~11,00~~~0.00~~2~~~cRegOri=='POS711'~~~~~~
800001~BOTU~1~206,00~~~0.00~~2~~~substr(cLinTXT,11,3) == "UNI"~~~~~~
800001~BOTUR1~1~0.00~~~0.00~~2~~~PlsPosGet("CODRES")=="00"~~PlsPosGet("ARQUIV")~~~~
800001~BOTUR2~1~0.00~~~0.00~~2~~~PlsPosGet("CODRES")=="01"~~PlsPosGet("ARQUIV")~~~~
800002~CADS1~1~202,00~~~0.00~~2~~~substr(cLinTXT,01,3) == "UNI" .and. lEnvio~~~~~~
800002~CADSR1~1~0.00~~~0.00~~2~~~PlsPosGet("CODRES")=="00" .and. lRetorno .and. LITEM~~~~~~
800002~CADSR2~1~0.00~~~0.00~~2~~~PlsPosGet("CODRES")=="01" .and. lRetorno .and. LITEM~~~~~~
800002~CADS0~1~10.00~~CADS1~0.00~~2~~~Upper(SubStr(cLinTxt,1,10))=="RETORNO.TX" .and. lEnvio~~~~~~
800002~CADR10~1~0.00~~CADSR1~0.00~~2~~~(PlsPosGet("CODRES" )$"00_90") .and. lRetorno .and. !lItem~~PlsPosGet("ARQUIV")~~~~
800002~CADR20~1~0.00~~CADSR2~0.00~~2~~~PlsPosGet("CODRES" )=="01" .and. lRetorno .and. !lItem~~PlsPosGet("ARQUIV")~~~~
800002~CADRFI~1~0.00~~~0.00~~2~~~(PlsPosGet("CODRES" )$"01_00") .and. lRetorno .and. !lItem~~~~~~
800002~CADRF2~1~0.00~~~0.00~~2~~~(PlsPosGet("CODRES" )=="90") .and. lRetorno .and. !lItem~~~~~~
000002~EMP020~1~326,00~~~0.00~PL1~2~~~PL1->( !EOF() )~U_ASU02(PL1->R_E_C_N_O_)~~~~~
000003~DSI01~1~128,00~01~~0.00~PL1~2~~~PL1->( !EOF() )~U_CESP02(PL1->R_E_C_N_O_)~~~~~
000003~DSI02~1~128,00~02~~0.00~~2~~~~~~~~~
000004~DSC02~1~128,00~01~~0.00~PL1~2~~~PL1->( !EOF() )~U_CESP01(PL1->R_E_C_N_O_)~~~~~
000004~DSC03~1~128,00~02~~0.00~~2~~~~~~~~~
000005~DSP01~1~128,00~01~~0.00~PL1~2~~~PL1->( !EOF() )~U_CESP01(PL1->R_E_C_N_O_)~~~~~
000005~DSP02~1~128,00~02~~0.00~~2~~~~~~~~~
000006~ABRA01~1~150.00~~~0.00~~2~~~~~~~~~
000006~ABRA02~1~150.00~~ABRA03~0.00~PL1~2~~~PL1->( !EOF() )~U_ABR07("BD5", PL1->R_E_C_N_O_)~~~~ABRA04~
000006~ABRA03~1~150.00~~~0.00~BD7~1~1~XFILIAL("BD7")+BD5->BD5_CODOPE+BD5->BD5_CODLDP+BD5->BD5_CODPEG+BD5->BD5_NUMERO+BD5->BD5_ORIMOV~BD7->BD7_FILIAL==XFILIAL("BD7").AND.BD7->BD7_CODOPE==BD5->BD5_CODOPE.AND.BD7->BD7_CODLDP==BD5->BD5_CODLDP.AND.BD7->BD7_CODPEG==BD5->BD5_CODPEG.AND.BD7->BD7_NUMERO==BD5->BD5_NUMERO.AND.BD7->BD7_ORIMOV==BD5->BD5_ORIMOV~U_ABR03("BD6", 1, XFILIAL("BD6")+BD7->BD7_CODOPE+BD7->BD7_CODLDP+BD7->BD7_CODPEG+BD7->BD7_NUMERO+BD7->BD7_ORIMOV+BD7->BD7_SEQUEN)~~~~~
000006~ABRA04~1~150.00~~~0.00~~2~~~~~~~~~
000006~ABRA05~1~150.00~~ABRA06~0.00~PL2~2~~~PL2->( !EOF() )~U_ABR07("BE4", PL2->R_E_C_N_O_)~~~~ABRA07~
000006~ABRA06~1~150.00~~~0.00~BD7~1~1~XFILIAL("BD7")+BE4->BE4_CODOPE+BE4->BE4_CODLDP+BE4->BE4_CODPEG+BE4->BE4_NUMERO+BE4->BE4_ORIMOV~BD7->BD7_FILIAL==XFILIAL("BD7").AND.BD7->BD7_CODOPE==BE4->BE4_CODOPE.AND.BD7->BD7_CODLDP==BE4->BE4_CODLDP.AND.BD7->BD7_CODPEG==BE4->BE4_CODPEG.AND.BD7->BD7_NUMERO==BE4->BE4_NUMERO.AND.BD7->BD7_ORIMOV==BE4->BE4_ORIMOV~U_ABR03("BD6", 1, XFILIAL("BD6")+BD7->BD7_CODOPE+BD7->BD7_CODLDP+BD7->BD7_CODPEG+BD7->BD7_NUMERO+BD7->BD7_ORIMOV+BD7->BD7_SEQUEN)~~~~~
000006~ABRA07~1~150.00~~~0.00~~2~~~~~~~~~
000006~ABRA08~1~150.00~~~0.00~~2~~~~~~~~~
000006~ABRA09~1~150.00~~~0.00~~2~~~~~~~~~
000007~PAMS01~1~80.00~~~0.00~~2~~~~~~~~~
000007~PAMS02~1~80.00~~PAMS03~0.00~BD5~2~~~BD5->( !EOF() )~~~~~~
000007~PAMS03~1~80.00~~~0.00~BD6~1~1~XFILIAL("BD6")+BD5->BD5_CODOPE+BD5->BD5_CODLDP+BD5->BD5_CODPEG+BD5->BD5_NUMERO+BD5->BD5_ORIMOV~BD6->BD6_FILIAL==XFILIAL("BD6").AND.BD6->BD6_CODOPE==BD5->BD5_CODOPE.AND.BD6->BD6_CODLDP==BD5->BD5_CODLDP.AND.BD6->BD6_CODPEG==BD5->BD5_CODPEG.AND.BD6->BD6_NUMERO==BD5->BD5_NUMERO.AND.BD6->BD6_ORIMOV==BD5->BD5_ORIMOV~BD6->BD6_RCPS == MV_PAR03~~~~~
000007~PAMS04~1~80.00~~PAMS05~0.00~BE4~2~~~BE4->( !EOF() )~~~~~~
000007~PAMS05~1~80.00~~~0.00~BD7~1~1~XFILIAL("BD7")+BE4->BE4_CODOPE+BE4->BE4_CODLDP+BE4->BE4_CODPEG+BE4->BE4_NUMERO+BE4->BE4_ORIMOV~BD7->BD7_FILIAL==XFILIAL("BD7").AND.BD7->BD7_CODOPE==BE4->BE4_CODOPE.AND.BD7->BD7_CODLDP==BE4->BE4_CODLDP.AND.BD7->BD7_CODPEG==BE4->BE4_CODPEG.AND.BD7->BD7_NUMERO==BE4->BE4_NUMERO.AND.BD7->BD7_ORIMOV==BE4->BE4_ORIMOV~U_Pams01(BE4->BE4_CODOPE,BE4->BE4_CODLDP,BE4->BE4_CODPEG,BE4->BE4_NUMERO,BE4->BE4_ORIMOV)~~~~~
000008~PROF01~1~1.139,00~~~0.00~PL1~2~~~PL1->( !EOF() )~U_PROF01( PL1->R_E_C_N_O_ )~~~~~
000009~CON001~1~98,00~~~0.00~BD6~1~9~XFILIAL("BD6")+MV_PAR01+MV_PAR02+MV_PAR03+MV_PAR04~BD6->BD6_FILIAL==XFILIAL("BD6") .AND. BD6->BD6_OPEUSR==MV_PAR01 .AND. BD6->BD6_CODEMP==MV_PAR02 .AND. BD6->BD6_ANOPAG==MV_PAR03 .AND. BD6->BD6_MESPAG==MV_PAR04~BD6->BD6_FASE==STR(MV_PAR05,1) .AND. BD6->BD6_SITUAC==STR(MV_PAR06,1) .AND.SUBSTR(BD6->BD6_CODPRO,1,LEN(ALLTRIM(MV_PAR07)))>=ALLTRIM(MV_PAR07) .AND.SUBSTR(BD6->BD6_CODPRO,1,LEN(ALLTRIM(MV_PAR08)))<=ALLTRIM(MV_PAR08)~~~~~
000008~PROF02~1~1.139,00~~~0.00~PL2~2~~~PL2->( !EOF() )~U_PROF10( PL2->R_E_C_N_O_ )~~~~~
000010~IDUSU1~1~220.00~001~~0.00~BA1~1~2~BA1_FILIAL + BA1_CODINT + BA1_CODEMP + BA1_MATRIC + BA1_TIPREG + BA1_DIGITO~~~~~~~
000011~USNSAM~1~77,00~~~0.00~PL1~2~~~PL1->( !EOF() )~U_USM01(PL1->BD6_CODOPE, PL1->BD6_CODEMP, PL1->BD6_MATRIC, PL1->BD6_TIPREG)~~~~~
A300~R301~1~48,00~301~~0.00~~2~~~~~~~~~
A300~R306~1~137,00~306~~0.00~~2~~~~~~~~~
A300~R309~1~60.00~309~~0.00~~2~~~~~~~~~
A300~R302~1~289,00~302~R304~0.00~TMP~2~~~TMP->(!Eof())~ValidaR302()~~~~~
A300~R304~1~330.00~304~R306~0.00~TMP~2~~~TMP->(!Eof()).and. Tmp->CodEmp==cEmpres~ValidaR302()~~~~~
A400~R401~1~29,00~~R402~0.00~~2~~~~~~~~~
A400~R402~1~271,00~~R403~0.00~TMP~2~~~TMP->(!Eof())~A400Valid("402")~~~~R405~
A400~R403~1~248,00~~R404~0.00~TMP~2~~~TMP->CODIGO==cPresta .and. TMP->CODINT==cCodInt .and. TMP->(!Eof())~A400Valid("403")~~~~~
A400~R404~1~14,00~~~0.00~R05~1~1~CLOCATE~R05->ATELOC==cLocAte .and. R05->(!Eof())~A400Valid("404")~~~~~
A400~R405~1~16,00~~~0.00~R04~2~~~R04->(!Eof())~A400Valid("405")~~~~~
A400~R409~1~39,00~~~0.00~~2~~~~~~~~~
A400~R499~1~0.00~~~0.00~~2~~~~A499()~~~~~
A60000~R60001~1~29,00~~R60002~0.00~~2~~~~~~~~~
A60000~R60002~1~229,00~~~0.00~TMP~2~~~TMP->(!Eof())~A60000V("60002")~~~~~
A60000~R60009~1~39,00~~~0.00~~2~~~~~~~~~
800003~POS700~1~127,00~~~0.00~~2~~~SUBSTR(CLINTXT,1,4)=="0700"~~~~~~
800003~POS701~1~140.00~~PSI701~0.00~~2~~~SubStr(cLinTXT,1,4)=="0701"~~~~~~
800003~POS704~2~107,00~~~0.00~~2~~~~~~~~~
800003~POS705~1~122,00~~~0.00~~2~~~SubStr(cLinTXT,1,4)=="0705"~~~~~~
800003~POS707~2~107,00~~~0.00~~2~~~~~~~~~
800003~POS710~1~66,00~~~0.00~~2~~~PlsPosGet("CODTRANS")=="0700"~~cNomArq+'.out'~~~~
800003~POS711~1~86,00~~PSI711~0.00~~2~~~PlsPosGet("CODTRANS")=="0701"~~cNomArq+'.out'~~~~
800003~POS714~2~107,00~~~0.00~~2~~~~~~~~~
800003~POS715~1~50.00~~~0.00~~2~~~PlsPosGet("CODTRANS")=="0705"~~cNomArq+'.out'~~~~
800003~POS717~2~107,00~~~0.00~~2~~~~~~~~~
800003~POS720~1~107,00~~~0.00~~2~~~SUBSTR(CLINTXT,1,4)=="0720"~~~~~~
800003~PSI701~1~14,00~~~0.00~~2~~~cRegOri=='POS701'~~~~~~
800003~PSI711~1~11,00~~~0.00~~2~~~cRegOri=='POS711'~~~~~~
000300~000303~1~147,00~~00003E~0.00~BAU~1~1~XFILIAL("BAU")+MV_PAR01~XFILIAL("BAU")==BAU->BAU_FILIAL .AND. BAU->BAU_CODIGO <= MV_PAR02 .AND. BAU->(!EOF())~~~~~~
000300~00033E~1~45,00~~~0.00~BAX~1~1~XFILIAL("BAX")+BAU->BAU_CODIGO~XFILIAL("BAX")+BAU->BAU_CODIGO == BAX->(BAX_FILIAL+BAX_CODIGO) .and. BAX->(!Eof())~~~~~~
A500~R501~1~116,00~~R502~0.00~~2~~~~~~~~~
A500~R502~1~123,00~~R503~0.00~R02~2~~~R02->(!EOF())~~~~~R504~
A500~R503~1~142,00~~~0.00~R03~1~1~SUBSTR(R02->CHAVE,1,19)+"503"~SUBSTR(R02->CHAVE,1,19)==SUBSTR(R03->CHAVE,1,19) .and. SUBSTR(R03->CHAVE,20.3)=="503" .and. R03->(!EOF())~R03->R503<>Space(133)~~~~~
A500~R504~1~387,00~~~0.00~R04~1~1~SUBSTR(R02->CHAVE,1,19)+"504"~SUBSTR(R02->CHAVE,1,19)==SUBSTR(R04->CHAVE,1,19) .and. SUBSTR(R04->CHAVE,20.3)=="504" .and. R04->(!EOF())~~~~~~
A500~R505~2~130.00~~R508~0.00~~2~~~~~~~~~
A500~R508~2~43,00~~~0.00~~2~~~~~~~~~
A500~R509~1~66,00~~~0.00~~2~~~~~~~~~
RPC~RPC-C3~1~105,00~~~0.00~RC3~2~~~RC3->(!EOF())~~~~~~
RPC~RPC-C9~1~28,00~~~0.00~~2~~~~~~~~~
RPC~RPC-C4~1~175,00~~~0.00~~2~~~~RPCC4Valida()~~~~~
RPC~RPC-C1~1~90.00~~RPC-C2~0.00~~2~~~~RPCC1Valida()~~~~RPC-C9~
RPC~RPC-C2~1~166,00~~RPC-C3~0.00~TMP~2~~~TMP->(!EOF())~VALIDARPC()~~~~RPC-C4~
A500A~R501~1~116,00~~R502~0.00~~2~~~~~~~~~
A500A~R502~1~136,00~~R503~0.00~R02~2~~~R02->(!EOF())~~~~~R504~R505
A500A~R503~1~242,00~~~0.00~R03~1~1~SUBSTR(R02->CHAVE,1,19)+"503"~SUBSTR(R02->CHAVE,1,19)==SUBSTR(R03->CHAVE,1,19) .and. SUBSTR(R03->CHAVE,20.3)=="503" .and. R03->(!EOF())~R03->R503<>Space(242)~~~~~
A500A~R504~1~427,00~~~0.00~R04~1~1~SUBSTR(R02->CHAVE,1,19)+"504"~SUBSTR(R02->CHAVE,1,19)==SUBSTR(R04->CHAVE,1,19) .and. SUBSTR(R04->CHAVE,20.3)=="504" .and. R04->(!EOF())~~~~~~
A500A~R505~1~131,00~~~0.00~R05~1~1~SUBSTR(R02->CHAVE,1,19)+"505"~SUBSTR(R02->CHAVE,1,19)==SUBSTR(R05->CHAVE,1,19) .and. SUBSTR(R05->CHAVE,20.3)=="505" .and. R05->(!EOF())~~~~~~
A500A~R508~2~43,00~~~0.00~~2~~~~~~~~~
A500A~R509~1~66,00~~~0.00~~2~~~~~~~~~
A500A~R510~1~267,00~~~0.00~R10~2~~~R10->(!EOF())~~~~~~
A500A~R511~1~101,00~~~0.00~R11~2~~~R11->(!EOF())~ValR11()~~~~~
A700~R701~1~49,00~~~0.00~~2~~~~~~~~~
A700~R702~1~136,00~~R703~0.00~R02~2~~~R02->(!EOF())~~~~~R704~
A700~R703~1~242,00~~~0.00~R03~1~1~SUBSTR(R02->CHAVE,1,19)+"703"~SUBSTR(R02->CHAVE,1,19)==SUBSTR(R03->CHAVE,1,19) .and. SUBSTR(R03->CHAVE,20.3)=="703" .and. R03->(!EOF())~R03->R703<>Space(242)~~~~~
A700~R705~2~131,00~~~0.00~~2~~~~~~~~~
A700~R709~1~66,00~~~0.00~~2~~~~~~~~~
A700~R704~1~434,00~~~0.00~R04~1~1~SUBSTR(R02->CHAVE,1,19)+"704"~SUBSTR(R02->CHAVE,1,19)==SUBSTR(R04->CHAVE,1,19) .and. SUBSTR(R04->CHAVE,20.3)=="704" .and. R04->(!EOF())~~~~~~
A800~R801~1~133,00~~~0.00~~2~~~~IIF(nTipEnv=1,VeVlrTot800("N"),A800FValid())~~~~~
A800~R802~1~148,00~~~0.00~TMP~2~~~TMP->(!Eof())~Val802(nTipEnv)~~~~~
A800~R809~1~86,00~~~0.00~~2~~~~~~~~~
A500B~R501~1~116,00~~R502~0.00~~2~~~~~~~~~
A500B~R502~1~136,00~~R503~0.00~R02~2~~~R02->(!EOF())~~~~~R504~R505
A500B~R503~1~242,00~~~0.00~R03~1~1~SUBSTR(R02->CHAVE,1,19)+"503"~SUBSTR(R02->CHAVE,1,19)==SUBSTR(R03->CHAVE,1,19) .and. SUBSTR(R03->CHAVE,20.3)=="503" .and. R03->(!EOF())~R03->R503<>Space(242)~~~~~
A500B~R504~1~427,00~~~0.00~R04~1~1~SUBSTR(R02->CHAVE,1,19)+"504"~SUBSTR(R02->CHAVE,1,19)==SUBSTR(R04->CHAVE,1,19) .and. SUBSTR(R04->CHAVE,20.3)=="504" .and. R04->(!EOF())~~~~~~
A500B~R505~1~131,00~~~0.00~R05~1~1~SUBSTR(R02->CHAVE,1,19)+"505"~SUBSTR(R02->CHAVE,1,19)==SUBSTR(R05->CHAVE,1,19) .and. SUBSTR(R05->CHAVE,20.3)=="505" .and. R05->(!EOF())~~~~~~
A500B~R508~2~43,00~~~0.00~~2~~~~~~~~~
A500B~R509~1~66,00~~~0.00~~2~~~~~~~~~
A500B~R510~1~267,00~~~0.00~R10~2~~~R10->(!EOF())~~~~~~
A500B~R511~1~101,00~~~0.00~R11~2~~~R11->(!EOF())~ValR11()~~~~~
A500C~R501~1~116,00~~R502~0.00~~2~~~~~~~~~
A500C~R502~1~136,00~~R503~0.00~R02~2~~~R02->(!EOF())~~~~~R504~R505
A500C~R503~1~242,00~~~0.00~R03~1~1~SUBSTR(R02->CHAVE,1,19)+"503"~SUBSTR(R02->CHAVE,1,19)==SUBSTR(R03->CHAVE,1,19) .and. SUBSTR(R03->CHAVE,20.3)=="503" .and. R03->(!EOF())~R03->R503<>Space(242)~~~~~
A500C~R504~1~427,00~~~0.00~R04~1~1~SUBSTR(R02->CHAVE,1,19)+"504"~SUBSTR(R02->CHAVE,1,19)==SUBSTR(R04->CHAVE,1,19) .and. SUBSTR(R04->CHAVE,20.3)=="504" .and. R04->(!EOF())~~~~~~
A500C~R505~1~131,00~~~0.00~R05~1~1~SUBSTR(R02->CHAVE,1,19)+"505"~SUBSTR(R02->CHAVE,1,19)==SUBSTR(R05->CHAVE,1,19) .and. SUBSTR(R05->CHAVE,20.3)=="505" .and. R05->(!EOF())~~~~~~
A500C~R508~2~43,00~~~0.00~~2~~~~~~~~~
A500C~R509~1~66,00~~~0.00~~2~~~~~~~~~
A500C~R510~1~267,00~~~0.00~R10~2~~~R10->(!EOF())~~~~~~
A500C~R511~1~101,00~~~0.00~R11~2~~~R11->(!EOF())~ValR11()~~~~~
A200~R201~1~48,00~201~R202~0.00~~2~0~~~~~~~~
A200~R202~1~52,00~202~~0.00~~2~~~~ValidaR202()~~~~~
A200~R209~1~53,00~209~~0.00~~2~~~~~~~~~
A300A~R301~1~48,00~301~~0.00~~2~~~~~~~~~
A300A~R306~1~137,00~306~~0.00~~2~~~~~~~~~
A300A~R309~1~60.00~309~~0.00~~2~~~~~~~~~
A300A~R302~1~297,00~302~R304~0.00~TMP~2~~~TMP->(!Eof())~ValidaR302()~~~~~
A300A~R304~1~405,00~304~R306~0.00~TMP~2~~~TMP->(!Eof()).and. Tmp->CodEmp==cEmpres~ValidaR302()~~~~~
A700D~R701~1~49,00~~R702~0.00~~2~~~~~~~~~
A700D~R702~1~136,00~~R703~0.00~R02~2~~~R02->(!EOF())~~~~~R704~R705
A700D~R703~1~374,00~~~0.00~R03~1~1~SUBSTR(R02->CHAVE,1,19)+"703"~SUBSTR(R02->CHAVE,1,19)==SUBSTR(R03->CHAVE,1,19) .and. SUBSTR(R03->CHAVE,20.3)=="703" .and. R03->(!EOF())~R03->R703<>Space(242)~~~~~
A700D~R704~1~435,00~~~0.00~R04~1~1~SUBSTR(R02->CHAVE,1,19)+"704"~SUBSTR(R02->CHAVE,1,19)==SUBSTR(R04->CHAVE,1,19) .and. SUBSTR(R04->CHAVE,20.3)=="704" .and. R04->(!EOF())~~~~~~
A700D~R705~1~131,00~~~0.00~R05~1~1~SUBSTR(R02->CHAVE,1,19)+"705"~SUBSTR(R02->CHAVE,1,19)==SUBSTR(R05->CHAVE,1,19) .and. SUBSTR(R05->CHAVE,20.3)=="705" .and. R05->(!EOF())~~~~~~
A700D~R708~2~43,00~~~0.00~~2~~~~~~~~~
A700D~R709~1~66,00~~~0.00~~2~~~~~~~~~
A800A~R801~1~133,00~~~0.00~~2~~~~IIF(nTipEnv=1,VeVlrTot800("N"),A800FValid())~~~~~
A800A~R802~1~158,00~~~0.00~TMP~2~~~TMP->(!Eof())~Val802(nTipEnv)~~~~~
A800A~R809~1~86,00~~~0.00~~2~~~~~~~~~
A800A~R810~1~267,00~~~0.00~R10~2~~~R10->(!Eof())~~~~~~
A800A~R811~1~101,00~~~0.00~R11~2~~~R11->(!Eof())~~~~~~
SIB~R00~1~88,00~0~~0.00~R00~2~~~R00->(!Eof())~~~~~~
SIB~R01~1~533,00~1~~0.00~R01~2~~~R01->(!Eof())~~~~~~
SIB~R02~1~541,00~2~~0.00~R02~2~~~R02->(!Eof())~~~~~~
SIB~R07~1~68,00~7~~0.00~R07~2~~~R07->(!Eof())~~~~~~
SIB~R08~1~36,00~8~~0.00~R08~2~~~R08->(!Eof())~~~~~~
SIB~R09~1~78,00~9~~0.00~R09~2~~~R09->(!Eof())~~~~~~
SIB~R06~1~68,00~6~~0.00~R06~2~~~R06->(!EoF())~~~~~~
A500D~R501~1~116,00~~R502~0.00~~2~~~~~~~~~
A500D~R502~1~136,00~~R503~0.00~R02~2~~~R02->(!EOF())~~~~~R504~R505
A500D~R503~1~374,00~~~0.00~R03~1~1~SUBSTR(R02->CHAVE,1,19)+"503"~SUBSTR(R02->CHAVE,1,19)==SUBSTR(R03->CHAVE,1,19) .and. SUBSTR(R03->CHAVE,20.3)=="503" .and. R03->(!EOF())~R03->R503<>Space(242)~~~~~
A500D~R504~1~450.00~~~0.00~R04~1~1~SUBSTR(R02->CHAVE,1,19)+"504"~SUBSTR(R02->CHAVE,1,19)==SUBSTR(R04->CHAVE,1,19) .and. SUBSTR(R04->CHAVE,20.3)=="504" .and. R04->(!EOF())~~~~~~
A500D~R505~1~131,00~~~0.00~R05~1~1~SUBSTR(R02->CHAVE,1,19)+"505"~SUBSTR(R02->CHAVE,1,19)==SUBSTR(R05->CHAVE,1,19) .and. SUBSTR(R05->CHAVE,20.3)=="505" .and. R05->(!EOF())~~~~~~
A500D~R508~2~43,00~~~0.00~~2~~~~~~~~~
A500D~R509~1~66,00~~~0.00~~2~~~~~~~~~
A500D~R510~1~267,00~~~0.00~R10~2~~~R10->(!EOF())~~~~~~
A500D~R511~1~101,00~~~0.00~R11~2~~~R11->(!EOF())~ValR11()~~~~~
A500D~R512~1~247,00~~R513~0.00~R12~2~~~R12->(!EOF())~~~~~R14~R15 
A500D~R513~1~71,00~~~0.00~R13~2~~~R13->(!EOF())~~~~~~
A500D~R514~1~71,00~~~0.00~R14~2~~~R14->(!EOF())~~~~~~
A500D~R515~1~115,00~~~0.00~R15~2~~~R15->(!EOF())~~~~~~
A400A~R401~1~29,00~~R402~0.00~~2~~~~~~~~~
A400A~R402~1~307,00~~R403~0.00~TMP~2~~~TMP->(!Eof())~A400Valid("402")~~~~R405~R407
A400A~R403~1~313,00~~R404~0.00~TMP~2~~~TMP->CODIGO==cPresta .and. TMP->CODINT==cCodInt .and. TMP->(!Eof())~A400Valid("403")~~~~~
A400A~R404~1~14,00~~~0.00~R05~1~1~CLOCATE~R05->ATELOC==cLocAte .and. R05->(!Eof())~A400Valid("404")~~~~~
A400A~R405~1~56,00~~~0.00~R04~2~~~R04->(!Eof())~A400Valid("405")~~~~~
A400A~R407~1~18,00~~~0.00~R07~2~~~R07->(!Eof())~A400Valid("407")~~~~~
A400A~R409~1~39,00~~~0.00~~2~~~~~~~~~
A400A~R499~1~0.00~~~0.00~~2~~~~A499()~~~~~
A300B~R301~1~48,00~301~~0.00~~2~~~~~~~~~
A300B~R302~1~296,00~302~R304~0.00~TMP~2~~~TMP->(!Eof())~ValidaR302()~~~~~
A300B~R304~1~420.00~304~R306~0.00~TMP~2~~~TMP->(!Eof()).and. Tmp->CodEmp==cEmpres~ValidaR302()~~~~~
A300B~R306~1~137,00~306~~0.00~~2~~~~~~~~~
A300B~R309~1~60.00~309~~0.00~~2~~~~~~~~~
A600~R601~1~38,00~~~0.00~~2~~~~~~~~~
A600~R602~1~45,00~~~0.00~QRY~2~~~QRY->(!EOF())~~~~~~
A600~R609~1~51,00~~~0.00~~2~~~~~~~~~
A100~R101~1~46,00~101~R102~0.00~~2~0~~~~~~~~
A100~R102~1~295,00~102~R103~0.00~TMP~2~~~TMP->(!Eof())~ValidaR102()~~~~~
A100~R103~1~112,00~103~R104~0.00~TMP~2~~~TMP->(!Eof()) .and. TMP->CodEmp==cEmpres~ValidaR103()~~~~~
A100~R104~1~444,00~104~R105~0.00~TMP~2~~~Tmp->(!Eof()) .and. Tmp->CodEmp==cEmpres .and. Tmp->PlaUsu==cPlano~ValidaR104()~~~~R107~R108
A100~R105~1~22,00~105~~0.00~CaU~2~~~CaU->(!Eof())~~~~~~
A100~R107~1~137,00~107~~0.00~~2~~~.T.~~~~~~
A100~R108~1~27,00~108~~0.00~CCC~2~~~CCC->(!Eof())~ValidaR108()~~~~~
A100~R109~1~75,00~109~~0.00~~2~~~~~~~~~
A700E~R701~1~49,00~~R702~0.00~~2~~~~~~~~~
A700E~R702~1~136,00~~R703~0.00~R02~2~~~R02->(!EOF())~~~~~R704~R705
A700E~R703~1~374,00~~~0.00~R03~1~1~SUBSTR(R02->CHAVE,1,19)+"703"~SUBSTR(R02->CHAVE,1,19)==SUBSTR(R03->CHAVE,1,19) .and. SUBSTR(R03->CHAVE,20.3)=="703" .and. R03->(!EOF())~R03->R703<>Space(242)~~~~~
A700E~R704~1~435,00~~~0.00~R04~1~1~SUBSTR(R02->CHAVE,1,19)+"704"~SUBSTR(R02->CHAVE,1,19)==SUBSTR(R04->CHAVE,1,19) .and. SUBSTR(R04->CHAVE,20.3)=="704" .and. R04->(!EOF())~~~~~~
A700E~R705~1~131,00~~~0.00~R05~1~1~SUBSTR(R02->CHAVE,1,19)+"705"~SUBSTR(R02->CHAVE,1,19)==SUBSTR(R05->CHAVE,1,19) .and. SUBSTR(R05->CHAVE,20.3)=="705" .and. R05->(!EOF())~~~~~~
A700E~R708~2~43,00~~~0.00~~2~~~~~~~~~
A700E~R709~1~94,00~~~0.00~~2~~~~~~~~~
900000~00202~1~313,00~~~0.00~~2~~~(Left(cLinTXT,5)== "00202" .And. lEnvio .AND. !LINTERC) .Or. (PLSPTUGET("CD_TRANS") == "00202" .And. lRetorno .And. LINTERC)~~~~~~
900000~00209~1~55,00~~~0.00~~2~~~(Left(cLinTXT,5) == "00209" .And. lEnvio .AND. !LINTERC) .Or. (PLSPTUGET("CD_TRANS") == "00209" .And. lRetorno) .Or. ( Left(cLinTXT,5)== "00209" .And. LINTERC .And. lEnvio) .And. !LITEM~~~~~~
900000~00401~1~359,00~~01401~0.00~~2~~~( ( PlsPtuGet("CD_TRANS") == "00500" .Or. PlsPtuGet("CD_TRANS") == "00505") .And.lRetorno .And. !LINTERC) .Or. ( Left(cLinTXT,5)== "00401" .And. LINTERC .And. lEnvio).And. !LITEM~~~~~~
900000~00500~1~904,00~~01500~0.00~~2~~~(Left(cLinTXT,5) == "00500" .And. lEnvio .And. !LINTERC) .Or. (PLSPTUGET("CD_TRANS")=="00500" .And. lRetorno .And. LINTERC) .And. !LITEM~~~~~~
900000~00505~1~610.00~~01505~0.00~~2~~~(Left(cLinTXT,5) == "00505" .And. lEnvio .And. !LINTERC) .Or. (PLSPTUGET("CD_TRANS")=="00505" .And. lRetorno .And. LINTERC) .And. !LITEM~~~~~~
900000~00304~1~317,00~~01304~0.00~~2~~~( ( Left(cLinTXT,5) == "00304" .Or. Left(cLinTXT,5) == "00204" ) .And. lEnvio .And. !LINTERC) .Or. ( ( PlsPtuGet("CD_TRANS") == "00304" .Or. PlsPtuGet("CD_TRANS") == "00204" ).And. lRetorno .And. LINTERC) .And. !LITEM~~~~~~
900000~01500~1~113,00~~~0.00~~2~~~LITEM .AND. CREGORI=='00500'~~~~~~
900000~01401~1~120.00~~~0.00~~2~~~LITEM .AND. CREGORI=='00401'~~~~~~
900000~01505~1~113,00~~~0.00~~2~~~LITEM .AND. CREGORI=='00505'~~~~~~
900000~01304~1~120.00~~~0.00~~2~~~LITEM .AND. CREGORI=='00304'~~~~~~
900000~00211~1~55,00~~~0.00~~2~~~( PlsPtuGet("CD_TRANS") == "00211" .And. lRetorno .And. LINTERC ).Or. ( Left(cLinTXT,5) == "00211" .And. !LINTERC .And. lEnvio )~~~~~~
900000~00312~1~100.00~~~0.00~~2~~~(Left(cLinTXT,5)== "00312" .And. lEnvio .AND. !LINTERC) .Or. (PLSPTUGET("CD_TRANS") == "00312" .And. lRetorno .And. LINTERC)~~~~~~
900000~00313~1~56,00~~01313~0.00~~2~~~( PlsPtuGet("CD_TRANS") == "00313" .And.lRetorno .And. !LINTERC) .Or. ( Left(cLinTXT,5)== "00313" .And. LINTERC .And. lEnvio).And. !LITEM~~~~~~
900000~01313~1~262,00~~~0.00~~2~~~LITEM .AND. CREGORI=='00313'~~~~~~
900000~02313~1~59,00~~~0.00~~2~~~PlsPtuGet("CD_TRANS") == "02313" .And. !lEnvio .And. lRetorno~~~~~~
900000~00318~1~128,00~~~0.00~~2~~~(Left(cLinTXT,5) == "00318" .And. lEnvio .And. !LINTERC) .Or. (PLSPTUGET("CD_TRANS")=="00318" .And. lRetorno .And. LINTERC) .And. !LITEM~~~~~~
900000~00319~1~55,00~~01319~0.00~~2~~~( PlsPtuGet("CD_TRANS") == "00319" .And.lRetorno .And. !LINTERC) .Or. ( Left(cLinTXT,5)== "00319" .And. LINTERC .And. lEnvio).And. !LITEM~~~~~~
900000~01319~1~57,00~~~0.00~~2~~~LITEM .AND. CREGORI=='00319'~~~~~~
900000~02319~1~56,00~~~0.00~~2~~~PlsPtuGet("CD_TRANS") == "02319" .And. !lEnvio .And. lRetorno~~~~~~
900000~00210~1~58,00~~~0.00~~2~~~((PlsPtuGet("CD_TRANS") == "00210") .Or. (Left(cLinTXT,5)== "00210")) .And. lEnvio .And. LINTERC .And. !LITEM~~~~~~
900000~00506~1~648,00~~01506~0.00~~2~~~(Left(cLinTXT,5) == "00506" .And. lEnvio .And. !LINTERC) .Or. (PLSPTUGET("CD_TRANS")=="00506" .And. lRetorno .And. LINTERC) .And. !LITEM~~~~~~
900000~01506~1~99,00~~~0.00~~2~~~LITEM .AND. CREGORI=='00506'~~~~~~
900000~00507~1~351,00~~01507~0.00~~2~~~( PlsPtuGet("CD_TRANS") == "00507" .And.lRetorno .And. !LINTERC) .Or. ( Left(cLinTXT,5)== "00507" .And. LINTERC .And. lEnvio).And. !LITEM~~~~~~
900000~01507~1~40.00~~~0.00~~2~~~LITEM .AND. CREGORI=='00507'~~~~~~
900000~00405~1~471,00~~01405~0.00~~2~~~(Left(cLinTXT,5) == "00405" .And. lEnvio .And. !LINTERC) .Or. (PLSPTUGET("CD_TRANS")=="00405" .And. lRetorno .And. LINTERC) .And. !LITEM~~~~~~
900000~01405~1~113,00~~~0.00~~2~~~LITEM .AND. CREGORI=='00405'~~~~~~
A900~R901~1~26,00~~~0.00~~2~~~~~~~~~
A900~R902~1~251,00~~R903~0.00~R02~2~~~R02->(!EOF())~~~~~R904~
A900~R905~1~127,00~~~0.00~R03~1~1~SUBSTR(R02->CHAVE,1,19)+"903"~SUBSTR(R02->CHAVE,1,19)==SUBSTR(R03->CHAVE,1,19) .and. SUBSTR(R03->CHAVE,20.3)=="903" .and. R03->(!EOF())~R03->R903<>Space(127)~~~~~
A900~R906~2~31,00~~~0.00~~2~~~~~~~~~
A900~R909~1~27,00~~~0.00~~2~~~~~~~~~
A450~R459~1~18,00~~~0.00~~2~~~~~~~~~
A450~R452~1~140.00~~~0.00~TMP~2~~~TMP->(!Eof())~~~~~~
A450~R451~1~29,00~~R452~0.00~~2~~~~~~~~~
A400B~R401~1~29,00~~R402~0.00~~2~~~~~~~~~
A400B~R402~1~392,00~~R403~0.00~TMP~2~~~TMP->(!Eof())~A400Valid("402")~~~~R404~R405
A400B~R403~1~419,00~~R404~0.00~TMP~2~~~TMP->CODIGO==cPresta .and. TMP->CODINT==cCodInt .and. TMP->(!Eof())~A400Valid("403")~~~~~
A400B~R404~1~14,00~~~0.00~R04~2~~~R04->CODPRE= TMP->CODIGO .AND. R04->ATELOC=TMP->CODLOC.AND. R04->(!Eof())~A400Valid("404")~~~~~
A400B~R405~1~56,00~~R407~0.00~R05~2~~~R05->(!Eof())~A400Valid("405")~~~~R408~
A400B~R407~1~18,00~~~0.00~R07~2~~~R07->(!Eof())~A400Valid("407")~~~~~
A400B~R408~1~32,00~~~0.00~R08~2~~~lGera408 .AND. R08->(!Eof())~~~~~~
A400B~R409~1~53,00~~~0.00~~2~~~~~~~~~
A400B~R499~1~0.00~~~0.00~~2~~~~A499()~~~~~
A550~R551~1~140.00~~~0.00~R51~2~~~R51->(!EOF())~~~~~~
A550~R552~1~596,00~~R553~0.00~R52~2~~~R52->(!EOF())~~~~~~
A550~R553~1~515,00~~~0.00~R53~2~~~R53->(CHAVE)=R52->(CHAVE)~~~~~~
A550~R559~1~58,00~~~0.00~R59~2~~~R59->(!EOF())~~~~~~
A560~R561~1~71,00~~~0.00~R61~2~~~R61->(!EOF())~~~~~~
A560~R562~1~31,00~~~0.00~R62~2~~~R62->(!EOF())~~~~~~
900040~00600~1~133,00~~01600~0.00~~2~~~((Left(cLinTXT,5) == "00600" .And. lEnvio .And. !LINTERC) .Or. (PLSPTUGET("CD_TRANS")=="00600" .And. lRetorno .And. LINTERC)) .And. !LITEM~~~~~~
900040~IT600~1~113,00~~~0.00~~2~~~LITEM .AND. CREGORI=='03600'~~~~~~
900040~00302~1~313,00~~~0.00~~2~~~(Left(cLinTXT,5)== "00302" .And. lEnvio .AND. !LINTERC) .Or. (PLSPTUGET("CD_TRANS") == "00302" .And. lRetorno .And. LINTERC)~~~~~~
900040~00309~1~55,00~~~0.00~~2~~~((Left(cLinTXT,5) == "00309" .And. lEnvio .AND. !LINTERC) .Or. (PLSPTUGET("CD_TRANS") == "00309" .And. lRetorno) .Or. ( Left(cLinTXT,5)== "00309" .And. LINTERC .And. lEnvio)) .And. !LITEM~~~~~~
900040~00501~1~104,00~~01501~0.00~~2~~~(((PlsPtuGet("CD_TRANS") == "00600" .Or. PlsPtuGet("CD_TRANS") == "00605") .And.lRetorno .And. !LINTERC) .Or. ( Left(cLinTXT,5)== "00501" .And. LINTERC .And. lEnvio)) .And. !LITEM~~~~~~
900040~00605~1~94,00~~01605~0.00~~2~~~((Left(cLinTXT,5) == "00605" .And. lEnvio .And. !LINTERC) .Or. (PLSPTUGET("CD_TRANS")=="00605" .And. lRetorno .And. LINTERC)) .And. !LITEM~~~~~~
900040~00404~1~60.00~~01404~0.00~~2~~~((( Left(cLinTXT,5) == "00404" ) .And. lEnvio .And. !LINTERC) .Or. ( ( PlsPtuGet("CD_TRANS") == "00404").And. lRetorno .And. LINTERC)) .And. !LITEM~~~~~~
900040~IT501~1~120.00~~~0.00~~2~~~LITEM .AND. CREGORI=='01501'~~~~~~
900040~IT605~1~113,00~~~0.00~~2~~~LITEM .AND. CREGORI=='02605'~~~~~~
900040~IT404~1~120.00~~~0.00~~2~~~LITEM .AND. CREGORI=='01404'~~~~~~
900040~00311~1~55,00~~~0.00~~2~~~( PlsPtuGet("CD_TRANS") == "00311" .And. lRetorno .And. LINTERC ).Or. ( Left(cLinTXT,5) == "00311" .And. !LINTERC .And. lEnvio )~~~~~~
900040~00412~1~100.00~~~0.00~~2~~~(Left(cLinTXT,5)== "00412" .And. lEnvio .AND. !LINTERC) .Or. (PLSPTUGET("CD_TRANS") == "00412" .And. lRetorno .And. LINTERC)~~~~~~
900040~00413~1~56,00~~IT413~0.00~~2~~~(( PlsPtuGet("CD_TRANS") == "00413" .And.lRetorno .And. !LINTERC) .Or. ( Left(cLinTXT,5)== "00413" .And. LINTERC .And. lEnvio)).And. !LITEM~~~~~~
900040~IT413~1~262,00~~~0.00~~2~~~LITEM .AND. CREGORI=='00413'~~~~~~
900040~02413~1~59,00~~~0.00~~2~~~PlsPtuGet("CD_TRANS") == "02413" .And. !lEnvio .And. lRetorno~~~~~~
900040~00418~1~128,00~~~0.00~~2~~~((Left(cLinTXT,5) == "00418" .And. lEnvio .And. !LINTERC) .Or. (PLSPTUGET("CD_TRANS")=="00418" .And. lRetorno .And. LINTERC)) .And. !LITEM~~~~~~
900040~00419~1~56,00~~IT419~0.00~~2~~~(( PlsPtuGet("CD_TRANS") == "00419" .And.lRetorno .And. !LINTERC) .Or. ( Left(cLinTXT,5)== "00419" .And. LINTERC .And. lEnvio)).And. !LITEM~~~~~~
900040~IT419~1~57,00~~~0.00~~2~~~LITEM .AND. CREGORI=='00419'~~~~~~
900040~02419~1~59,00~~~0.00~~2~~~PlsPtuGet("CD_TRANS") == "02419" .And. !lEnvio .And. lRetorno~~~~~~
900040~00310~1~58,00~~~0.00~~2~~~((PlsPtuGet("CD_TRANS") == "00310") .Or. (Left(cLinTXT,5)== "00310")) .And. lEnvio .And. LINTERC .And. !LITEM~~~~~~
900040~00606~1~215,00~~01606~0.00~~2~~~((Left(cLinTXT,5) == "00606" .And. lEnvio .And. !LINTERC) .Or. (PLSPTUGET("CD_TRANS")=="00606" .And. lRetorno .And. LINTERC)) .And. !LITEM~~~~~~
900040~IT606~1~99,00~~~0.00~~2~~~LITEM .AND. CREGORI=='02606'~~~~~~
900040~00607~1~93,00~~01607~0.00~~2~~~(( PlsPtuGet("CD_TRANS") == "00607" .And.lRetorno .And. !LINTERC) .Or. ( Left(cLinTXT,5)== "00607" .And. LINTERC .And. lEnvio)) .And. !LITEM~~~~~~
900040~IT607~1~40.00~~~0.00~~2~~~LITEM .AND. CREGORI=='01607'~~~~~~
900040~00360~1~44,00~~~0.00~~2~~~((Left(cLinTXT,5) == "00360" .And. lEnvio .And. !LINTERC) .Or. (PLSPTUGET("CD_TRANS")=="00360" .And. lRetorno .And. LINTERC)) .And. !LITEM~~~~~~
900040~00361~1~60.00~~01361~0.00~~2~~~(( PlsPtuGet("CD_TRANS") == "00361" .And.lRetorno .And. !LINTERC) .Or. ( Left(cLinTXT,5)== "00361" .And. LINTERC .And. lEnvio)).And. !LITEM~~~~~~
900040~IT361~1~120.00~~~0.00~~2~~~LITEM .AND. CREGORI=='01361'~~~~~~
900040~02361~1~63,00~~~0.00~~2~~~PlsPtuGet("CD_TRANS") == "02361" .And. !lEnvio .And. lRetorno~~~~~~
900040~01600~1~999,00~~02600~0.00~~2~~~LITEM .AND. CREGORI=='00600'~~~~~~
900040~02600~1~999,00~~03600~0.00~~2~~~LITEM .AND. CREGORI=='01600'~~~~~~
900040~03600~1~999,00~~IT600~0.00~~2~~~LITEM .AND. CREGORI=='02600'~~~~~~
900040~01501~1~999,00~~IT501~0.00~~2~~~LITEM .AND. CREGORI=='00501'~~~~~~
900040~01605~1~999,00~~02605~0.00~~2~~~LITEM .AND. CREGORI=='00605'~~~~~~
900040~02605~1~999,00~~IT605~0.00~~2~~~LITEM .AND. CREGORI=='01605'~~~~~~
900040~01404~1~999,00~~IT404~0.00~~2~~~LITEM .AND. CREGORI=='00404'~~~~~~
900040~01606~1~999,00~~02606~0.00~~2~~~LITEM .AND. CREGORI=='00606'~~~~~~
900040~02606~1~999,00~~IT606~0.00~~2~~~LITEM .AND. CREGORI=='01606'~~~~~~
900040~01607~1~999,00~~IT607~0.00~~2~~~LITEM .AND. CREGORI=='00607'~~~~~~
900040~01361~1~999,00~~IT361~0.00~~2~~~LITEM .AND. CREGORI=='00361'~~~~~~
900040~00430~1~40.00~~~0.00~~2~~~((Left(cLinTXT,5) == "00430" .And. lEnvio .And. !LINTERC) .Or. (PLSPTUGET("CD_TRANS")=="00430" .And. lRetorno .And. LINTERC)) .And. !LITEM~~~~~~
900040~00431~1~155,00~~~0.00~~2~~~PlsPtuGet("CD_TRANS") == "00431" .And.lRetorno .And. !LINTERC .And. !LITEM~~~~~~
A1100~R1101~1~33,00~101~R1102~0.00~~2~0~~~~~~~~
A1100~R1102~1~108,00~102~R1103~0.00~TMP~2~~~TMP->(!Eof())~~~~~~
A1100~R1103~1~113,00~103~R1109~0.00~TMP~2~~~TMP->(!Eof()) .and. TMP->CodEmp==cEmpres~~~~~~
A1100~R1109~1~21,00~109~~0.00~~2~~~~~~~~~
A500E~R501~1~158,00~~R502~0.00~~2~~~~~~~~~
A500E~R502~1~136,00~~R503~0.00~R02~2~~~R02->(!EOF())~~~~~R504~R505
A500E~R503~1~374,00~~~0.00~R03~1~1~SUBSTR(R02->CHAVE,1,19)+"503"~SUBSTR(R02->CHAVE,1,19)==SUBSTR(R03->CHAVE,1,19) .and. SUBSTR(R03->CHAVE,20.3)=="503" .and. R03->(!EOF())~R03->R503<>Space(242)~~~~~
A500E~R504~1~560.00~~~0.00~R04~1~1~SUBSTR(R02->CHAVE,1,19)+"504"~SUBSTR(R02->CHAVE,1,19)==SUBSTR(R04->CHAVE,1,19) .and. SUBSTR(R04->CHAVE,20.3)=="504" .and. R04->(!EOF())~~~~~~
A500E~R505~1~131,00~~~0.00~R05~1~1~SUBSTR(R02->CHAVE,1,19)+"505"~SUBSTR(R02->CHAVE,1,19)==SUBSTR(R05->CHAVE,1,19) .and. SUBSTR(R05->CHAVE,20.3)=="505" .and. R05->(!EOF())~~~~~~
A500E~R508~2~43,00~~~0.00~~2~~~~~~~~~
A500E~R509~1~66,00~~~0.00~~2~~~~~~~~~
A500E~R510~1~267,00~~~0.00~R10~2~~~R10->(!EOF())~~~~~~
A500E~R511~1~102,00~~~0.00~R11~2~~~R11->(!EOF())~ValR11()~~~~~
A500E~R512~1~247,00~~R513~0.00~R12~2~~~R12->(!EOF())~~~~~R14~R15 
A500E~R513~1~71,00~~~0.00~R13~2~~~R13->(!EOF())~~~~~~
A500E~R514~1~71,00~~~0.00~R14~2~~~R14->(!EOF())~~~~~~
A500E~R515~1~115,00~~~0.00~R15~2~~~R15->(!EOF())~~~~~~
A550A~R551~1~221,00~~~0.00~R51~2~~~R51->(!EOF())~~~~~~
A550A~R552~1~621,00~~R553~0.00~R52~2~~~R52->(!EOF())~~~2~~~
A550A~R553~1~515,00~~~0.00~R53~2~~~R53->(CHAVE)=R52->(CHAVE)~~~~~~
A550A~R559~1~72,00~~~0.00~R59~2~~~R59->(!EOF())~~~~~~
A400C~R401~1~36,00~~R402~0.00~~2~~~~~~~~~
A400C~R402~1~489,00~~R403~0.00~TMP~2~~~TMP->(!Eof())~A400Valid("402")~~~~R404~R405
A400C~R403~1~425,00~~R404~0.00~TMP~2~~~TMP->CODIGO==cPresta .and. TMP->CODINT==cCodInt .and. TMP->(!Eof())~A400Valid("403")~~~~~
A400C~R404~1~14,00~~~0.00~R04~2~~~R04->CODPRE= TMP->CODIGO .AND. R04->ATELOC=TMP->CODLOC.AND. R04->(!Eof())~A400Valid("404")~~~~~
A400C~R405~1~56,00~~R407~0.00~R05~2~~~R05->(!Eof())~A400Valid("405")~~~~R408~
A400C~R407~1~18,00~~~0.00~R07~2~~~R07->(!Eof())~A400Valid("407")~~~~~
A400C~R408~1~33,00~~~0.00~R08~2~~~lGera408 .AND. R08->(!Eof())~~~~~~
A400C~R499~1~60.00~~~0.00~~2~~~~~~~~~
A560A~R561~1~72,00~~~0.00~R61~2~~~R61->(!EOF())~~~~~~
A560A~R562~1~31,00~~~0.00~R62~2~~~R62->(!EOF())~~~~~~
A550B~R551~1~221,00~~~0.00~R51~2~~~R51->(!EOF())~~~~~~
A550B~R552~1~632,00~~R553~0.00~R52~2~~~R52->(!EOF())~~~2~~~
A550B~R553~1~515,00~~~0.00~R53~2~~~R53->(CHAVE)=R52->(CHAVE)~~~~~~
A550B~R559~1~72,00~~~0.00~R59~2~~~R59->(!EOF())~~~~~~
A500F~R501~1~158,00~~R502~0.00~~2~~~~~~~~~
A500F~R502~1~446,00~~R503~0.00~R02~2~~~R02->(!EOF())~~~~~R504~R505
A500F~R503~1~395,00~~~0.00~R03~1~1~SUBSTR(R02->CHAVE,1,19)+"503"~SUBSTR(R02->CHAVE,1,19)==SUBSTR(R03->CHAVE,1,19) .and. SUBSTR(R03->CHAVE,20.3)=="503" .and. R03->(!EOF())~R03->R503<>Space(242)~~~~~
A500F~R504~1~675,00~~~0.00~R04~1~1~SUBSTR(R02->CHAVE,1,19)+"504"~SUBSTR(R02->CHAVE,1,19)==SUBSTR(R04->CHAVE,1,19) .and. SUBSTR(R04->CHAVE,20.3)=="504" .and. R04->(!EOF())~~~~~~
A500F~R505~1~151,00~~~0.00~R05~1~1~SUBSTR(R02->CHAVE,1,19)+"505"~SUBSTR(R02->CHAVE,1,19)==SUBSTR(R05->CHAVE,1,19) .and. SUBSTR(R05->CHAVE,20.3)=="505" .and. R05->(!EOF())~~~~~~
A500F~R508~2~43,00~~~0.00~~2~~~~~~~~~
A500F~R509~1~66,00~~~0.00~~2~~~~~~~~~
A500F~R510~1~291,00~~~0.00~R10~2~~~R10->(!EOF())~~~~~~
A500F~R511~1~102,00~~~0.00~R11~2~~~R11->(!EOF())~ValR11()~~~~~
A500F~R512~1~248,00~~R513~0.00~R12~2~~~R12->(!EOF())~~~~~R14~R15 
A500F~R513~1~71,00~~~0.00~R13~2~~~R13->(!EOF())~~~~~~
A500F~R514~1~71,00~~~0.00~R14~2~~~R14->(!EOF())~~~~~~
A500F~R515~1~115,00~~~0.00~R15~2~~~R15->(!EOF())~~~~~~
A550C~R551~1~221,00~~~0.00~R51~2~~~R51->(!EOF())~~~~~~
A550C~R552~1~652,00~~R553~0.00~R52~2~~~R52->(!EOF())~~~2~~~
A550C~R553~1~515,00~~~0.00~R53~2~~~R53->(CHAVE)=R52->(CHAVE)~~~~~~
A550C~R559~1~72,00~~~0.00~R59~2~~~R59->(!EOF())~~~~~~
A560B~R561~1~72,00~~~0.00~R61~2~~~R61->(!EOF())~~~~~~
A560B~R562~1~31,00~~~0.00~R62~2~~~R62->(!EOF())~~~~~~
A560B~R567~1~244,00~~~0.00~R67~2~~~R67->(!EOF())~~~~~~
A560B~R568~1~118,00~~~0.00~R68~2~~~R68->(!EOF())~~~~~~
A560B~R569~1~77,00~~~0.00~R69~2~~~R69->(!EOF())~~~~~~
A300C~R301~1~48,00~301~~0.00~~2~~~~~~~~~
A300C~R302~1~296,00~302~R304~0.00~TMP~2~~~TMP->(!Eof())~ValidaR302()~~~~~
A300C~R304~1~420.00~304~R306~0.00~TMP~2~~~TMP->(!Eof()).and. Tmp->CodEmp==cEmpres~ValidaR302()~~~~~
A300C~R306~1~137,00~306~~0.00~~2~~~~~~~~~
A300C~R309~1~60.00~309~~0.00~~2~~~~~~~~~
A300D~R301~1~48,00~301~~0.00~~2~~~~~~~~~
A300D~R302~1~296,00~302~R304~0.00~TMP~2~~~TMP->(!Eof())~ValidaR302()~~~~~
A300D~R304~1~420.00~304~R306~0.00~TMP~2~~~TMP->(!Eof()).and. Tmp->CodEmp==cEmpres~ValidaR302()~~~~~
A300D~R306~1~137,00~306~~0.00~~2~~~~~~~~~
A300D~R309~1~60.00~309~~0.00~~2~~~~~~~~~
A400D~R401~1~36,00~~R402~0.00~~2~~~~~~~~~
A400D~R402~1~491,00~~R403~0.00~TMP~2~~~TMP->(!Eof())~A400Valid("402")~~~~R404~R405
A400D~R403~1~425,00~~R404~0.00~TMP~2~~~TMP->CODIGO==cPresta .and. TMP->CODINT==cCodInt .and. TMP->(!Eof())~A400Valid("403")~~~~~
A400D~R404~1~14,00~~~0.00~R04~2~~~R04->CODPRE= TMP->CODIGO .AND. R04->ATELOC=TMP->CODLOC.AND. R04->(!Eof())~A400Valid("404")~~~~~
A400D~R405~1~56,00~~R407~0.00~R05~2~~~R05->(!Eof())~A400Valid("405")~~~~R408~
A400D~R407~1~18,00~~~0.00~R07~2~~~R07->(!Eof())~A400Valid("407")~~~~~
A400D~R408~1~32,00~~~0.00~R08~2~~~lGera408 .AND. R08->(!Eof())~~~~~~
A400D~R499~1~60.00~~~0.00~~2~~~~~~~~~
A500G~R501~1~158,00~~R502~0.00~~2~~~~~~~~~
A500G~R502~1~446,00~~R503~0.00~R02~2~~~R02->(!EOF())~~~~~R504~R505
A500G~R503~1~395,00~~~0.00~R03~1~1~SUBSTR(R02->CHAVE,1,19)+"503"~SUBSTR(R02->CHAVE,1,19)==SUBSTR(R03->CHAVE,1,19) .and. SUBSTR(R03->CHAVE,20.3)=="503" .and. R03->(!EOF())~R03->R503<>Space(242)~~~~~
A500G~R504~1~675,00~~~0.00~R04~1~1~SUBSTR(R02->CHAVE,1,19)+"504"~SUBSTR(R02->CHAVE,1,19)==SUBSTR(R04->CHAVE,1,19) .and. SUBSTR(R04->CHAVE,20.3)=="504" .and. R04->(!EOF())~~~~~~
A500G~R505~1~151,00~~~0.00~R05~1~1~SUBSTR(R02->CHAVE,1,19)+"505"~SUBSTR(R02->CHAVE,1,19)==SUBSTR(R05->CHAVE,1,19) .and. SUBSTR(R05->CHAVE,20.3)=="505" .and. R05->(!EOF())~~~~~~
A500G~R508~2~43,00~~~0.00~~2~~~~~~~~~
A500G~R509~1~66,00~~~0.00~~2~~~~~~~~~
A500G~R510~1~291,00~~~0.00~R10~2~~~R10->(!EOF())~~~~~~
A500G~R511~1~102,00~~~0.00~R11~2~~~R11->(!EOF())~ValR11()~~~~~
A500G~R512~1~248,00~~R513~0.00~R12~2~~~R12->(!EOF())~~~~~R14~R15 
A500G~R513~1~71,00~~~0.00~R13~2~~~R13->(!EOF())~~~~~~
A500G~R514~1~71,00~~~0.00~R14~2~~~R14->(!EOF())~~~~~~
A500G~R515~1~115,00~~~0.00~R15~2~~~R15->(!EOF())~~~~~~
A550D~R551~1~221,00~~~0.00~R51~2~~~R51->(!EOF())~~~~~~
A550D~R552~1~652,00~~R553~0.00~R52~2~~~R52->(!EOF())~~~2~~~
A550D~R553~1~515,00~~~0.00~R53~2~~~R53->(CHAVE)=R52->(CHAVE)~~~~~~
A550D~R559~1~72,00~~~0.00~R59~2~~~R59->(!EOF())~~~~~~
A560C~R561~1~72,00~~~0.00~R61~2~~~R61->(!EOF())~~~~~~
A560C~R562~1~31,00~~~0.00~R62~2~~~R62->(!EOF())~~~~~~
A560C~R567~1~244,00~~~0.00~R67~2~~~R67->(!EOF())~~~~~~
A560C~R568~1~118,00~~~0.00~R68~2~~~R68->(!EOF())~~~~~~
A560C~R569~1~77,00~~~0.00~R69~2~~~R69->(!EOF())~~~~~~
A550E~R551~1~261,00~~~0.00~R51~2~~~R51->(!EOF())~~~~~~
A550E~R552~1~652,00~~R553~0.00~R52~2~~~R52->(!EOF())~~~2~~~
A550E~R553~1~515,00~~~0.00~R53~2~~~R53->(CHAVE)=R52->(CHAVE)~~~~~~
A550E~R559~1~72,00~~~0.00~R59~2~~~R59->(!EOF())~~~~~~
A560D~R561~1~112,00~~~0.00~R61~2~~~R61->(!EOF())~~~~~~
A560D~R562~1~31,00~~~0.00~R62~2~~~R62->(!EOF())~~~~~~
A560D~R567~1~244,00~~~0.00~R67~2~~~R67->(!EOF())~~~~~~
A560D~R568~1~118,00~~~0.00~R68~2~~~R68->(!EOF())~~~~~~
A560D~R569~1~117,00~~~0.00~R69~2~~~R69->(!EOF())~~~~~~
A100B~R101~1~46,00~101~R102~0.00~~2~0~~~~~~~~
A100B~R102~1~319,00~102~R103~0.00~TMP~2~~~TMP->(!Eof())~ValidaR102()~~~~~
A100B~R103~1~116,00~103~R104~0.00~TMP~2~~~TMP->(!Eof()) .and. TMP->CodEmp==cEmpres~ValidaR103()~~~~~
A100B~R104~1~528,00~104~R105~0.00~TMP~2~~~Tmp->(!Eof()) .and. Tmp->CodEmp==cEmpres .and. Tmp->PlaUsu==cPlano~ValidaR104()~~~~R107~R108
A100B~R105~1~22,00~105~~0.00~CaU~2~~~CaU->(!Eof())~~~~~~
A100B~R107~1~152,00~107~~0.00~~2~~~.T.~~~~~~
A100B~R108~1~23,00~108~~0.00~CCC~2~~~CCC->(!Eof())~ValidaR108()~~~~~
A100B~R109~1~82,00~109~~0.00~~2~~~~~~~~~
A500H~R501~1~200.00~~R502~0.00~~2~~~~~~~~~
A500H~R502~1~486,00~~R503~0.00~R02~2~~~R02->(!EOF())~~~~~R504~R505
A500H~R503~1~509,00~~~0.00~R03~1~1~SUBSTR(R02->CHAVE,1,19)+"503"~SUBSTR(R02->CHAVE,1,19)==SUBSTR(R03->CHAVE,1,19) .and. SUBSTR(R03->CHAVE,20.3)=="503" .and. R03->(!EOF())~R03->R503<>Space(242)~~~~~
A500H~R504~1~689,00~1~~0.00~R04~1~1~SUBSTR(R02->CHAVE,1,19)+"504"~SUBSTR(R02->CHAVE,1,19)==SUBSTR(R04->CHAVE,1,19) .and. SUBSTR(R04->CHAVE,20.3)=="504" .and. R04->(!EOF())~~~2~~~
A500H~R505~1~151,00~~~0.00~R05~1~1~SUBSTR(R02->CHAVE,1,19)+"505"~SUBSTR(R02->CHAVE,1,19)==SUBSTR(R05->CHAVE,1,19) .and. SUBSTR(R05->CHAVE,20.3)=="505" .and. R05->(!EOF())~~~~~~
A500H~R508~2~43,00~~~0.00~~2~~~~~~~~~
A500H~R509~1~66,00~~~0.00~~2~~~~~~~~~
