B0H_TPBENE;B0H_TIPPRE;B0H_TPPRES;B0H_GRUOPE;B0H_TPPAG;B0H_CONTA
1;ANE;;;0;2111190310001
1;ANE;;01;0;2111190310001
1;ANE;;02;0;2111190310001
1;ANE;;03;0;2111190310001
1;ANE;0;;0;2111190310001
1;ANE;0;01;0;2111190310001
1;ANE;0;02;0;2111190310001
1;ANE;0;03;0;2111190310001
1;ANE;1;;0;2111190310001
1;ANE;1;01;0;2111190310001
1;ANE;1;02;0;2111190310001
1;ANE;1;03;0;2111190310001
1;ANE;2;;0;2111190310001
1;ANE;2;01;0;2111190310001
1;ANE;2;02;0;2111190310001
1;ANE;2;03;0;2111190310001
1;ANE;3;;0;2111190310001
1;ANE;3;01;0;2111190310001
1;ANE;3;02;0;2111190310001
1;ANE;3;03;0;2111190310001
1;ANE;4;;0;2111190310001
1;ANE;4;01;0;2111190310001
1;ANE;4;02;0;2111190310001
1;ANE;4;03;0;2111190310001
1;ANE;5;;0;2111190310001
1;ANE;5;01;0;2111190310001
1;ANE;5;02;0;2111190310001
1;ANE;5;03;0;2111190310001
1;ANE;6;;0;2111190310001
1;ANE;6;01;0;2111190310001
1;ANE;6;02;0;2111190310001
1;ANE;6;03;0;2111190310001
2;ANE;;;0;2111190310001
2;ANE;;01;0;2111190310001
2;ANE;;02;0;2111190310001
2;ANE;;03;0;2111190310001
2;ANE;0;;0;2111190310001
2;ANE;0;01;0;2111190310001
2;ANE;0;02;0;2111190310001
2;ANE;0;03;0;2111190310001
2;ANE;1;;0;2111190310001
2;ANE;1;01;0;2111190310001
2;ANE;1;02;0;2111190310001
2;ANE;1;03;0;2111190310001
2;ANE;2;;0;2111190310001
2;ANE;2;01;0;2111190310001
2;ANE;2;02;0;2111190310001
2;ANE;2;03;0;2111190310001
2;ANE;3;;0;2111190310001
2;ANE;3;01;0;2111190310001
2;ANE;3;02;0;2111190310001
2;ANE;3;03;0;2111190310001
2;ANE;4;;0;2111190310001
2;ANE;4;01;0;2111190310001
2;ANE;4;02;0;2111190310001
2;ANE;4;03;0;2111190310001
2;ANE;5;;0;2111190310001
2;ANE;5;01;0;2111190310001
2;ANE;5;02;0;2111190310001
2;ANE;5;03;0;2111190310001
2;ANE;6;;0;2111190310001
2;ANE;6;01;0;2111190310001
2;ANE;6;02;0;2111190310001
2;ANE;6;03;0;2111190310001
3;ANE;;;0;2111190310001
3;ANE;;01;0;2111190310001
3;ANE;;02;0;2111190310001
3;ANE;;03;0;2111190310001
3;ANE;0;;0;2111190310001
3;ANE;0;01;0;2111190310001
3;ANE;0;02;0;2111190310001
3;ANE;0;03;0;2111190310001
3;ANE;1;;0;2111190310001
3;ANE;1;01;0;2111190310001
3;ANE;1;02;0;2111190310001
3;ANE;1;03;0;2111190310001
3;ANE;2;;0;2111190310001
3;ANE;2;01;0;2111190310001
3;ANE;2;02;0;2111190310001
3;ANE;2;03;0;2111190310001
3;ANE;3;;0;2111190310001
3;ANE;3;01;0;2111190310001
3;ANE;3;02;0;2111190310001
3;ANE;3;03;0;2111190310001
3;ANE;4;;0;2111190310001
3;ANE;4;01;0;2111190310001
3;ANE;4;02;0;2111190310001
3;ANE;4;03;0;2111190310001
3;ANE;5;;0;2111190310001
3;ANE;5;01;0;2111190310001
3;ANE;5;02;0;2111190310001
3;ANE;5;03;0;2111190310001
3;ANE;6;;0;2111190310001
3;ANE;6;01;0;2111190310001
3;ANE;6;02;0;2111190310001
3;ANE;6;03;0;2111190310001
4;ANE;;;0;2111190310001
4;ANE;;01;0;2111190310001
4;ANE;;02;0;2111190310001
4;ANE;;03;0;2111190310001
4;ANE;0;;0;2111190310001
4;ANE;0;01;0;2111190310001
4;ANE;0;02;0;2111190310001
4;ANE;0;03;0;2111190310001
4;ANE;1;;0;2111190310001
4;ANE;1;01;0;2111190310001
4;ANE;1;02;0;2111190310001
4;ANE;1;03;0;2111190310001
4;ANE;2;;0;2111190310001
4;ANE;2;01;0;2111190310001
4;ANE;2;02;0;2111190310001
4;ANE;2;03;0;2111190310001
4;ANE;3;;0;2111190310001
4;ANE;3;01;0;2111190310001
4;ANE;3;02;0;2111190310001
4;ANE;3;03;0;2111190310001
4;ANE;4;;0;2111190310001
4;ANE;4;01;0;2111190310001
4;ANE;4;02;0;2111190310001
4;ANE;4;03;0;2111190310001
4;ANE;5;;0;2111190310001
4;ANE;5;01;0;2111190310001
4;ANE;5;02;0;2111190310001
4;ANE;5;03;0;2111190310001
4;ANE;6;;0;2111190310001
4;ANE;6;01;0;2111190310001
4;ANE;6;02;0;2111190310001
4;ANE;6;03;0;2111190310001
5;ANE;;;0;2111190310001
5;ANE;;01;0;2111190310001
5;ANE;;02;0;2111190310001
5;ANE;;03;0;2111190310001
5;ANE;0;;0;2111190310001
5;ANE;0;01;0;2111190310001
5;ANE;0;02;0;2111190310001
5;ANE;0;03;0;2111190310001
5;ANE;1;;0;2111190310001
5;ANE;1;01;0;2111190310001
5;ANE;1;02;0;2111190310001
5;ANE;1;03;0;2111190310001
5;ANE;2;;0;2111190310001
5;ANE;2;01;0;2111190310001
5;ANE;2;02;0;2111190310001
5;ANE;2;03;0;2111190310001
5;ANE;3;;0;2111190310001
5;ANE;3;01;0;2111190310001
5;ANE;3;02;0;2111190310001
5;ANE;3;03;0;2111190310001
5;ANE;4;;0;2111190310001
5;ANE;4;01;0;2111190310001
5;ANE;4;02;0;2111190310001
5;ANE;4;03;0;2111190310001
5;ANE;5;;0;2111190310001
5;ANE;5;01;0;2111190310001
5;ANE;5;02;0;2111190310001
5;ANE;5;03;0;2111190310001
5;ANE;6;;0;2111190310001
5;ANE;6;01;0;2111190310001
5;ANE;6;02;0;2111190310001
5;ANE;6;03;0;2111190310001
6;ANE;;;0;2111190310001
6;ANE;;01;0;2111190310001
6;ANE;;02;0;2111190310001
6;ANE;;03;0;2111190310001
6;ANE;0;;0;2111190310001
6;ANE;0;01;0;2111190310001
6;ANE;0;02;0;2111190310001
6;ANE;0;03;0;2111190310001
6;ANE;1;;0;2111190310001
6;ANE;1;01;0;2111190310001
6;ANE;1;02;0;2111190310001
6;ANE;1;03;0;2111190310001
6;ANE;2;;0;2111190310001
6;ANE;2;01;0;2111190310001
6;ANE;2;02;0;2111190310001
6;ANE;2;03;0;2111190310001
6;ANE;3;;0;2111190310001
6;ANE;3;01;0;2111190310001
6;ANE;3;02;0;2111190310001
6;ANE;3;03;0;2111190310001
6;ANE;4;;0;2111190310001
6;ANE;4;01;0;2111190310001
6;ANE;4;02;0;2111190310001
6;ANE;4;03;0;2111190310001
6;ANE;5;;0;2111190310001
6;ANE;5;01;0;2111190310001
6;ANE;5;02;0;2111190310001
6;ANE;5;03;0;2111190310001
6;ANE;6;;0;2111190310001
6;ANE;6;01;0;2111190310001
6;ANE;6;02;0;2111190310001
6;ANE;6;03;0;2111190310001
1;CDI;;;0;2111190310001
1;CDI;;01;0;2111190310001
1;CDI;;02;0;2111190310001
1;CDI;;03;0;2111190310001
1;CDI;0;;0;2111190310001
1;CDI;0;01;0;2111190310001
1;CDI;0;02;0;2111190310001
1;CDI;0;03;0;2111190310001
1;CDI;1;;0;2111190310001
1;CDI;1;01;0;2111190310001
1;CDI;1;02;0;2111190310001
1;CDI;1;03;0;2111190310001
1;CDI;2;;0;2111190310001
1;CDI;2;01;0;2111190310001
1;CDI;2;02;0;2111190310001
1;CDI;2;03;0;2111190310001
1;CDI;3;;0;2111190310001
1;CDI;3;01;0;2111190310001
1;CDI;3;02;0;2111190310001
1;CDI;3;03;0;2111190310001
1;CDI;4;;0;2111190310001
1;CDI;4;01;0;2111190310001
1;CDI;4;02;0;2111190310001
1;CDI;4;03;0;2111190310001
1;CDI;5;;0;2111190310001
1;CDI;5;01;0;2111190310001
1;CDI;5;02;0;2111190310001
1;CDI;5;03;0;2111190310001
1;CDI;6;;0;2111190310001
1;CDI;6;01;0;2111190310001
1;CDI;6;02;0;2111190310001
1;CDI;6;03;0;2111190310001
2;CDI;;;0;2111190310001
2;CDI;;01;0;2111190310001
2;CDI;;02;0;2111190310001
2;CDI;;03;0;2111190310001
2;CDI;0;;0;2111190310001
2;CDI;0;01;0;2111190310001
2;CDI;0;02;0;2111190310001
2;CDI;0;03;0;2111190310001
2;CDI;1;;0;2111190310001
2;CDI;1;01;0;2111190310001
2;CDI;1;02;0;2111190310001
2;CDI;1;03;0;2111190310001
2;CDI;2;;0;2111190310001
2;CDI;2;01;0;2111190310001
2;CDI;2;02;0;2111190310001
2;CDI;2;03;0;2111190310001
2;CDI;3;;0;2111190310001
2;CDI;3;01;0;2111190310001
2;CDI;3;02;0;2111190310001
2;CDI;3;03;0;2111190310001
2;CDI;4;;0;2111190310001
2;CDI;4;01;0;2111190310001
2;CDI;4;02;0;2111190310001
2;CDI;4;03;0;2111190310001
2;CDI;5;;0;2111190310001
2;CDI;5;01;0;2111190310001
2;CDI;5;02;0;2111190310001
2;CDI;5;03;0;2111190310001
2;CDI;6;;0;2111190310001
2;CDI;6;01;0;2111190310001
2;CDI;6;02;0;2111190310001
2;CDI;6;03;0;2111190310001
3;CDI;;;0;2111190310001
3;CDI;;01;0;2111190310001
3;CDI;;02;0;2111190310001
3;CDI;;03;0;2111190310001
3;CDI;0;;0;2111190310001
3;CDI;0;01;0;2111190310001
3;CDI;0;02;0;2111190310001
3;CDI;0;03;0;2111190310001
3;CDI;1;;0;2111190310001
3;CDI;1;01;0;2111190310001
3;CDI;1;02;0;2111190310001
3;CDI;1;03;0;2111190310001
3;CDI;2;;0;2111190310001
3;CDI;2;01;0;2111190310001
3;CDI;2;02;0;2111190310001
3;CDI;2;03;0;2111190310001
3;CDI;3;;0;2111190310001
3;CDI;3;01;0;2111190310001
3;CDI;3;02;0;2111190310001
3;CDI;3;03;0;2111190310001
3;CDI;4;;0;2111190310001
3;CDI;4;01;0;2111190310001
3;CDI;4;02;0;2111190310001
3;CDI;4;03;0;2111190310001
3;CDI;5;;0;2111190310001
3;CDI;5;01;0;2111190310001
3;CDI;5;02;0;2111190310001
3;CDI;5;03;0;2111190310001
3;CDI;6;;0;2111190310001
3;CDI;6;01;0;2111190310001
3;CDI;6;02;0;2111190310001
3;CDI;6;03;0;2111190310001
4;CDI;;;0;2111190310001
4;CDI;;01;0;2111190310001
4;CDI;;02;0;2111190310001
4;CDI;;03;0;2111190310001
4;CDI;0;;0;2111190310001
4;CDI;0;01;0;2111190310001
4;CDI;0;02;0;2111190310001
4;CDI;0;03;0;2111190310001
4;CDI;1;;0;2111190310001
4;CDI;1;01;0;2111190310001
4;CDI;1;02;0;2111190310001
4;CDI;1;03;0;2111190310001
4;CDI;2;;0;2111190310001
4;CDI;2;01;0;2111190310001
4;CDI;2;02;0;2111190310001
4;CDI;2;03;0;2111190310001
4;CDI;3;;0;2111190310001
4;CDI;3;01;0;2111190310001
4;CDI;3;02;0;2111190310001
4;CDI;3;03;0;2111190310001
4;CDI;4;;0;2111190310001
4;CDI;4;01;0;2111190310001
4;CDI;4;02;0;2111190310001
4;CDI;4;03;0;2111190310001
4;CDI;5;;0;2111190310001
4;CDI;5;01;0;2111190310001
4;CDI;5;02;0;2111190310001
4;CDI;5;03;0;2111190310001
4;CDI;6;;0;2111190310001
4;CDI;6;01;0;2111190310001
4;CDI;6;02;0;2111190310001
4;CDI;6;03;0;2111190310001
5;CDI;;;0;2111190310001
5;CDI;;01;0;2111190310001
5;CDI;;02;0;2111190310001
5;CDI;;03;0;2111190310001
5;CDI;0;;0;2111190310001
5;CDI;0;01;0;2111190310001
5;CDI;0;02;0;2111190310001
5;CDI;0;03;0;2111190310001
5;CDI;1;;0;2111190310001
5;CDI;1;01;0;2111190310001
5;CDI;1;02;0;2111190310001
5;CDI;1;03;0;2111190310001
5;CDI;2;;0;2111190310001
5;CDI;2;01;0;2111190310001
5;CDI;2;02;0;2111190310001
5;CDI;2;03;0;2111190310001
5;CDI;3;;0;2111190310001
5;CDI;3;01;0;2111190310001
5;CDI;3;02;0;2111190310001
5;CDI;3;03;0;2111190310001
5;CDI;4;;0;2111190310001
5;CDI;4;01;0;2111190310001
5;CDI;4;02;0;2111190310001
5;CDI;4;03;0;2111190310001
5;CDI;5;;0;2111190310001
5;CDI;5;01;0;2111190310001
5;CDI;5;02;0;2111190310001
5;CDI;5;03;0;2111190310001
5;CDI;6;;0;2111190310001
5;CDI;6;01;0;2111190310001
5;CDI;6;02;0;2111190310001
5;CDI;6;03;0;2111190310001
6;CDI;;;0;2111190310001
6;CDI;;01;0;2111190310001
6;CDI;;02;0;2111190310001
6;CDI;;03;0;2111190310001
6;CDI;0;;0;2111190310001
6;CDI;0;01;0;2111190310001
6;CDI;0;02;0;2111190310001
6;CDI;0;03;0;2111190310001
6;CDI;1;;0;2111190310001
6;CDI;1;01;0;2111190310001
6;CDI;1;02;0;2111190310001
6;CDI;1;03;0;2111190310001
6;CDI;2;;0;2111190310001
6;CDI;2;01;0;2111190310001
6;CDI;2;02;0;2111190310001
6;CDI;2;03;0;2111190310001
6;CDI;3;;0;2111190310001
6;CDI;3;01;0;2111190310001
6;CDI;3;02;0;2111190310001
6;CDI;3;03;0;2111190310001
6;CDI;4;;0;2111190310001
6;CDI;4;01;0;2111190310001
6;CDI;4;02;0;2111190310001
6;CDI;4;03;0;2111190310001
6;CDI;5;;0;2111190310001
6;CDI;5;01;0;2111190310001
6;CDI;5;02;0;2111190310001
6;CDI;5;03;0;2111190310001
6;CDI;6;;0;2111190310001
6;CDI;6;01;0;2111190310001
6;CDI;6;02;0;2111190310001
6;CDI;6;03;0;2111190310001
1;CLI;;;0;2111190310001
1;CLI;;01;0;2111190310001
1;CLI;;02;0;2111190310001
1;CLI;;03;0;2111190310001
1;CLI;0;;0;2111190310001
1;CLI;0;01;0;2111190310001
1;CLI;0;02;0;2111190310001
1;CLI;0;03;0;2111190310001
1;CLI;1;;0;2111190310001
1;CLI;1;01;0;2111190310001
1;CLI;1;02;0;2111190310001
1;CLI;1;03;0;2111190310001
1;CLI;2;;0;2111190310001
1;CLI;2;01;0;2111190310001
1;CLI;2;02;0;2111190310001
1;CLI;2;03;0;2111190310001
1;CLI;3;;0;2111190310001
1;CLI;3;01;0;2111190310001
1;CLI;3;02;0;2111190310001
1;CLI;3;03;0;2111190310001
1;CLI;4;;0;2111190310001
1;CLI;4;01;0;2111190310001
1;CLI;4;02;0;2111190310001
1;CLI;4;03;0;2111190310001
1;CLI;5;;0;2111190310001
1;CLI;5;01;0;2111190310001
1;CLI;5;02;0;2111190310001
1;CLI;5;03;0;2111190310001
1;CLI;6;;0;2111190310001
1;CLI;6;01;0;2111190310001
1;CLI;6;02;0;2111190310001
1;CLI;6;03;0;2111190310001
2;CLI;;;0;2111190310001
2;CLI;;01;0;2111190310001
2;CLI;;02;0;2111190310001
2;CLI;;03;0;2111190310001
2;CLI;0;;0;2111190310001
2;CLI;0;01;0;2111190310001
2;CLI;0;02;0;2111190310001
2;CLI;0;03;0;2111190310001
2;CLI;1;;0;2111190310001
2;CLI;1;01;0;2111190310001
2;CLI;1;02;0;2111190310001
2;CLI;1;03;0;2111190310001
2;CLI;2;;0;2111190310001
2;CLI;2;01;0;2111190310001
2;CLI;2;02;0;2111190310001
2;CLI;2;03;0;2111190310001
2;CLI;3;;0;2111190310001
2;CLI;3;01;0;2111190310001
2;CLI;3;02;0;2111190310001
2;CLI;3;03;0;2111190310001
2;CLI;4;;0;2111190310001
2;CLI;4;01;0;2111190310001
2;CLI;4;02;0;2111190310001
2;CLI;4;03;0;2111190310001
2;CLI;5;;0;2111190310001
2;CLI;5;01;0;2111190310001
2;CLI;5;02;0;2111190310001
2;CLI;5;03;0;2111190310001
2;CLI;6;;0;2111190310001
2;CLI;6;01;0;2111190310001
2;CLI;6;02;0;2111190310001
2;CLI;6;03;0;2111190310001
3;CLI;;;0;2111190310001
3;CLI;;01;0;2111190310001
3;CLI;;02;0;2111190310001
3;CLI;;03;0;2111190310001
3;CLI;0;;0;2111190310001
3;CLI;0;01;0;2111190310001
3;CLI;0;02;0;2111190310001
3;CLI;0;03;0;2111190310001
3;CLI;1;;0;2111190310001
3;CLI;1;01;0;2111190310001
3;CLI;1;02;0;2111190310001
3;CLI;1;03;0;2111190310001
3;CLI;2;;0;2111190310001
3;CLI;2;01;0;2111190310001
3;CLI;2;02;0;2111190310001
3;CLI;2;03;0;2111190310001
3;CLI;3;;0;2111190310001
3;CLI;3;01;0;2111190310001
3;CLI;3;02;0;2111190310001
3;CLI;3;03;0;2111190310001
3;CLI;4;;0;2111190310001
3;CLI;4;01;0;2111190310001
3;CLI;4;02;0;2111190310001
3;CLI;4;03;0;2111190310001
3;CLI;5;;0;2111190310001
3;CLI;5;01;0;2111190310001
3;CLI;5;02;0;2111190310001
3;CLI;5;03;0;2111190310001
3;CLI;6;;0;2111190310001
3;CLI;6;01;0;2111190310001
3;CLI;6;02;0;2111190310001
3;CLI;6;03;0;2111190310001
4;CLI;;;0;2111190310001
4;CLI;;01;0;2111190310001
4;CLI;;02;0;2111190310001
4;CLI;;03;0;2111190310001
4;CLI;0;;0;2111190310001
4;CLI;0;01;0;2111190310001
4;CLI;0;02;0;2111190310001
4;CLI;0;03;0;2111190310001
4;CLI;1;;0;2111190310001
4;CLI;1;01;0;2111190310001
4;CLI;1;02;0;2111190310001
4;CLI;1;03;0;2111190310001
4;CLI;2;;0;2111190310001
4;CLI;2;01;0;2111190310001
4;CLI;2;02;0;2111190310001
4;CLI;2;03;0;2111190310001
4;CLI;3;;0;2111190310001
4;CLI;3;01;0;2111190310001
4;CLI;3;02;0;2111190310001
4;CLI;3;03;0;2111190310001
4;CLI;4;;0;2111190310001
4;CLI;4;01;0;2111190310001
4;CLI;4;02;0;2111190310001
4;CLI;4;03;0;2111190310001
4;CLI;5;;0;2111190310001
4;CLI;5;01;0;2111190310001
4;CLI;5;02;0;2111190310001
4;CLI;5;03;0;2111190310001
4;CLI;6;;0;2111190310001
4;CLI;6;01;0;2111190310001
4;CLI;6;02;0;2111190310001
4;CLI;6;03;0;2111190310001
5;CLI;;;0;2111190310001
5;CLI;;01;0;2111190310001
5;CLI;;02;0;2111190310001
5;CLI;;03;0;2111190310001
5;CLI;0;;0;2111190310001
5;CLI;0;01;0;2111190310001
5;CLI;0;02;0;2111190310001
5;CLI;0;03;0;2111190310001
5;CLI;1;;0;2111190310001
5;CLI;1;01;0;2111190310001
5;CLI;1;02;0;2111190310001
5;CLI;1;03;0;2111190310001
5;CLI;2;;0;2111190310001
5;CLI;2;01;0;2111190310001
5;CLI;2;02;0;2111190310001
5;CLI;2;03;0;2111190310001
5;CLI;3;;0;2111190310001
5;CLI;3;01;0;2111190310001
5;CLI;3;02;0;2111190310001
5;CLI;3;03;0;2111190310001
5;CLI;4;;0;2111190310001
5;CLI;4;01;0;2111190310001
5;CLI;4;02;0;2111190310001
5;CLI;4;03;0;2111190310001
5;CLI;5;;0;2111190310001
5;CLI;5;01;0;2111190310001
5;CLI;5;02;0;2111190310001
5;CLI;5;03;0;2111190310001
5;CLI;6;;0;2111190310001
5;CLI;6;01;0;2111190310001
5;CLI;6;02;0;2111190310001
5;CLI;6;03;0;2111190310001
6;CLI;;;0;2111190310001
6;CLI;;01;0;2111190310001
6;CLI;;02;0;2111190310001
6;CLI;;03;0;2111190310001
6;CLI;0;;0;2111190310001
6;CLI;0;01;0;2111190310001
6;CLI;0;02;0;2111190310001
6;CLI;0;03;0;2111190310001
6;CLI;1;;0;2111190310001
6;CLI;1;01;0;2111190310001
6;CLI;1;02;0;2111190310001
6;CLI;1;03;0;2111190310001
6;CLI;2;;0;2111190310001
6;CLI;2;01;0;2111190310001
6;CLI;2;02;0;2111190310001
6;CLI;2;03;0;2111190310001
6;CLI;3;;0;2111190310001
6;CLI;3;01;0;2111190310001
6;CLI;3;02;0;2111190310001
6;CLI;3;03;0;2111190310001
6;CLI;4;;0;2111190310001
6;CLI;4;01;0;2111190310001
6;CLI;4;02;0;2111190310001
6;CLI;4;03;0;2111190310001
6;CLI;5;;0;2111190310001
6;CLI;5;01;0;2111190310001
6;CLI;5;02;0;2111190310001
6;CLI;5;03;0;2111190310001
6;CLI;6;;0;2111190310001
6;CLI;6;01;0;2111190310001
6;CLI;6;02;0;2111190310001
6;CLI;6;03;0;2111190310001
1;DEN;;;0;2111190310001
1;DEN;;01;0;2111190310001
1;DEN;;02;0;2111190310001
1;DEN;;03;0;2111190310001
1;DEN;0;;0;2111190310001
1;DEN;0;01;0;2111190310001
1;DEN;0;02;0;2111190310001
1;DEN;0;03;0;2111190310001
1;DEN;1;;0;2111190310001
1;DEN;1;01;0;2111190310001
1;DEN;1;02;0;2111190310001
1;DEN;1;03;0;2111190310001
1;DEN;2;;0;2111190310001
1;DEN;2;01;0;2111190310001
1;DEN;2;02;0;2111190310001
1;DEN;2;03;0;2111190310001
1;DEN;3;;0;2111190310001
1;DEN;3;01;0;2111190310001
1;DEN;3;02;0;2111190310001
1;DEN;3;03;0;2111190310001
1;DEN;4;;0;2111190310001
1;DEN;4;01;0;2111190310001
1;DEN;4;02;0;2111190310001
1;DEN;4;03;0;2111190310001
1;DEN;5;;0;2111190310001
1;DEN;5;01;0;2111190310001
1;DEN;5;02;0;2111190310001
1;DEN;5;03;0;2111190310001
1;DEN;6;;0;2111190310001
1;DEN;6;01;0;2111190310001
1;DEN;6;02;0;2111190310001
1;DEN;6;03;0;2111190310001
2;DEN;;;0;2111190310001
2;DEN;;01;0;2111190310001
2;DEN;;02;0;2111190310001
2;DEN;;03;0;2111190310001
2;DEN;0;;0;2111190310001
2;DEN;0;01;0;2111190310001
2;DEN;0;02;0;2111190310001
2;DEN;0;03;0;2111190310001
2;DEN;1;;0;2111190310001
2;DEN;1;01;0;2111190310001
2;DEN;1;02;0;2111190310001
2;DEN;1;03;0;2111190310001
2;DEN;2;;0;2111190310001
2;DEN;2;01;0;2111190310001
2;DEN;2;02;0;2111190310001
2;DEN;2;03;0;2111190310001
2;DEN;3;;0;2111190310001
2;DEN;3;01;0;2111190310001
2;DEN;3;02;0;2111190310001
2;DEN;3;03;0;2111190310001
2;DEN;4;;0;2111190310001
2;DEN;4;01;0;2111190310001
2;DEN;4;02;0;2111190310001
2;DEN;4;03;0;2111190310001
2;DEN;5;;0;2111190310001
2;DEN;5;01;0;2111190310001
2;DEN;5;02;0;2111190310001
2;DEN;5;03;0;2111190310001
2;DEN;6;;0;2111190310001
2;DEN;6;01;0;2111190310001
2;DEN;6;02;0;2111190310001
2;DEN;6;03;0;2111190310001
3;DEN;;;0;2111190310001
3;DEN;;01;0;2111190310001
3;DEN;;02;0;2111190310001
3;DEN;;03;0;2111190310001
3;DEN;0;;0;2111190310001
3;DEN;0;01;0;2111190310001
3;DEN;0;02;0;2111190310001
3;DEN;0;03;0;2111190310001
3;DEN;1;;0;2111190310001
3;DEN;1;01;0;2111190310001
3;DEN;1;02;0;2111190310001
3;DEN;1;03;0;2111190310001
3;DEN;2;;0;2111190310001
3;DEN;2;01;0;2111190310001
3;DEN;2;02;0;2111190310001
3;DEN;2;03;0;2111190310001
3;DEN;3;;0;2111190310001
3;DEN;3;01;0;2111190310001
3;DEN;3;02;0;2111190310001
3;DEN;3;03;0;2111190310001
3;DEN;4;;0;2111190310001
3;DEN;4;01;0;2111190310001
3;DEN;4;02;0;2111190310001
3;DEN;4;03;0;2111190310001
3;DEN;5;;0;2111190310001
3;DEN;5;01;0;2111190310001
3;DEN;5;02;0;2111190310001
3;DEN;5;03;0;2111190310001
3;DEN;6;;0;2111190310001
3;DEN;6;01;0;2111190310001
3;DEN;6;02;0;2111190310001
3;DEN;6;03;0;2111190310001
4;DEN;;;0;2111190310001
4;DEN;;01;0;2111190310001
4;DEN;;02;0;2111190310001
4;DEN;;03;0;2111190310001
4;DEN;0;;0;2111190310001
4;DEN;0;01;0;2111190310001
4;DEN;0;02;0;2111190310001
4;DEN;0;03;0;2111190310001
4;DEN;1;;0;2111190310001
4;DEN;1;01;0;2111190310001
4;DEN;1;02;0;2111190310001
4;DEN;1;03;0;2111190310001
4;DEN;2;;0;2111190310001
4;DEN;2;01;0;2111190310001
4;DEN;2;02;0;2111190310001
4;DEN;2;03;0;2111190310001
4;DEN;3;;0;2111190310001
4;DEN;3;01;0;2111190310001
4;DEN;3;02;0;2111190310001
4;DEN;3;03;0;2111190310001
4;DEN;4;;0;2111190310001
4;DEN;4;01;0;2111190310001
4;DEN;4;02;0;2111190310001
4;DEN;4;03;0;2111190310001
4;DEN;5;;0;2111190310001
4;DEN;5;01;0;2111190310001
4;DEN;5;02;0;2111190310001
4;DEN;5;03;0;2111190310001
4;DEN;6;;0;2111190310001
4;DEN;6;01;0;2111190310001
4;DEN;6;02;0;2111190310001
4;DEN;6;03;0;2111190310001
5;DEN;;;0;2111190310001
5;DEN;;01;0;2111190310001
5;DEN;;02;0;2111190310001
5;DEN;;03;0;2111190310001
5;DEN;0;;0;2111190310001
5;DEN;0;01;0;2111190310001
5;DEN;0;02;0;2111190310001
5;DEN;0;03;0;2111190310001
5;DEN;1;;0;2111190310001
5;DEN;1;01;0;2111190310001
5;DEN;1;02;0;2111190310001
5;DEN;1;03;0;2111190310001
5;DEN;2;;0;2111190310001
5;DEN;2;01;0;2111190310001
5;DEN;2;02;0;2111190310001
5;DEN;2;03;0;2111190310001
5;DEN;3;;0;2111190310001
5;DEN;3;01;0;2111190310001
5;DEN;3;02;0;2111190310001
5;DEN;3;03;0;2111190310001
5;DEN;4;;0;2111190310001
5;DEN;4;01;0;2111190310001
5;DEN;4;02;0;2111190310001
5;DEN;4;03;0;2111190310001
5;DEN;5;;0;2111190310001
5;DEN;5;01;0;2111190310001
5;DEN;5;02;0;2111190310001
5;DEN;5;03;0;2111190310001
5;DEN;6;;0;2111190310001
5;DEN;6;01;0;2111190310001
5;DEN;6;02;0;2111190310001
5;DEN;6;03;0;2111190310001
6;DEN;;;0;2111190310001
6;DEN;;01;0;2111190310001
6;DEN;;02;0;2111190310001
6;DEN;;03;0;2111190310001
6;DEN;0;;0;2111190310001
6;DEN;0;01;0;2111190310001
6;DEN;0;02;0;2111190310001
6;DEN;0;03;0;2111190310001
6;DEN;1;;0;2111190310001
6;DEN;1;01;0;2111190310001
6;DEN;1;02;0;2111190310001
6;DEN;1;03;0;2111190310001
6;DEN;2;;0;2111190310001
6;DEN;2;01;0;2111190310001
6;DEN;2;02;0;2111190310001
6;DEN;2;03;0;2111190310001
6;DEN;3;;0;2111190310001
6;DEN;3;01;0;2111190310001
6;DEN;3;02;0;2111190310001
6;DEN;3;03;0;2111190310001
6;DEN;4;;0;2111190310001
6;DEN;4;01;0;2111190310001
6;DEN;4;02;0;2111190310001
6;DEN;4;03;0;2111190310001
6;DEN;5;;0;2111190310001
6;DEN;5;01;0;2111190310001
6;DEN;5;02;0;2111190310001
6;DEN;5;03;0;2111190310001
6;DEN;6;;0;2111190310001
6;DEN;6;01;0;2111190310001
6;DEN;6;02;0;2111190310001
6;DEN;6;03;0;2111190310001
1;HOS;;;0;2111190310001
1;HOS;;01;0;2111190310001
1;HOS;;02;0;2111190310001
1;HOS;;03;0;2111190310001
1;HOS;0;;0;2111190310001
1;HOS;0;01;0;2111190310001
1;HOS;0;02;0;2111190310001
1;HOS;0;03;0;2111190310001
1;HOS;1;;0;2111190310001
1;HOS;1;01;0;2111190310001
1;HOS;1;02;0;2111190310001
1;HOS;1;03;0;2111190310001
1;HOS;2;;0;2111190310001
1;HOS;2;01;0;2111190310001
1;HOS;2;02;0;2111190310001
1;HOS;2;03;0;2111190310001
1;HOS;3;;0;2111190310001
1;HOS;3;01;0;2111190310001
1;HOS;3;02;0;2111190310001
1;HOS;3;03;0;2111190310001
1;HOS;4;;0;2111190310001
1;HOS;4;01;0;2111190310001
1;HOS;4;02;0;2111190310001
1;HOS;4;03;0;2111190310001
1;HOS;5;;0;2111190310001
1;HOS;5;01;0;2111190310001
1;HOS;5;02;0;2111190310001
1;HOS;5;03;0;2111190310001
1;HOS;6;;0;2111190310001
1;HOS;6;01;0;2111190310001
1;HOS;6;02;0;2111190310001
1;HOS;6;03;0;2111190310001
2;HOS;;;0;2111190310001
2;HOS;;01;0;2111190310001
2;HOS;;02;0;2111190310001
2;HOS;;03;0;2111190310001
2;HOS;0;;0;2111190310001
2;HOS;0;01;0;2111190310001
2;HOS;0;02;0;2111190310001
2;HOS;0;03;0;2111190310001
2;HOS;1;;0;2111190310001
2;HOS;1;01;0;2111190310001
2;HOS;1;02;0;2111190310001
2;HOS;1;03;0;2111190310001
2;HOS;2;;0;2111190310001
2;HOS;2;01;0;2111190310001
2;HOS;2;02;0;2111190310001
2;HOS;2;03;0;2111190310001
2;HOS;3;;0;2111190310001
2;HOS;3;01;0;2111190310001
2;HOS;3;02;0;2111190310001
2;HOS;3;03;0;2111190310001
2;HOS;4;;0;2111190310001
2;HOS;4;01;0;2111190310001
2;HOS;4;02;0;2111190310001
2;HOS;4;03;0;2111190310001
2;HOS;5;;0;2111190310001
2;HOS;5;01;0;2111190310001
2;HOS;5;02;0;2111190310001
2;HOS;5;03;0;2111190310001
2;HOS;6;;0;2111190310001
2;HOS;6;01;0;2111190310001
2;HOS;6;02;0;2111190310001
2;HOS;6;03;0;2111190310001
3;HOS;;;0;2111190310001
3;HOS;;01;0;2111190310001
3;HOS;;02;0;2111190310001
3;HOS;;03;0;2111190310001
3;HOS;0;;0;2111190310001
3;HOS;0;01;0;2111190310001
3;HOS;0;02;0;2111190310001
3;HOS;0;03;0;2111190310001
3;HOS;1;;0;2111190310001
3;HOS;1;01;0;2111190310001
3;HOS;1;02;0;2111190310001
3;HOS;1;03;0;2111190310001
3;HOS;2;;0;2111190310001
3;HOS;2;01;0;2111190310001
3;HOS;2;02;0;2111190310001
3;HOS;2;03;0;2111190310001
3;HOS;3;;0;2111190310001
3;HOS;3;01;0;2111190310001
3;HOS;3;02;0;2111190310001
3;HOS;3;03;0;2111190310001
3;HOS;4;;0;2111190310001
3;HOS;4;01;0;2111190310001
3;HOS;4;02;0;2111190310001
3;HOS;4;03;0;2111190310001
3;HOS;5;;0;2111190310001
3;HOS;5;01;0;2111190310001
3;HOS;5;02;0;2111190310001
3;HOS;5;03;0;2111190310001
3;HOS;6;;0;2111190310001
3;HOS;6;01;0;2111190310001
3;HOS;6;02;0;2111190310001
3;HOS;6;03;0;2111190310001
4;HOS;;;0;2111190310001
4;HOS;;01;0;2111190310001
4;HOS;;02;0;2111190310001
4;HOS;;03;0;2111190310001
4;HOS;0;;0;2111190310001
4;HOS;0;01;0;2111190310001
4;HOS;0;02;0;2111190310001
4;HOS;0;03;0;2111190310001
4;HOS;1;;0;2111190310001
4;HOS;1;01;0;2111190310001
4;HOS;1;02;0;2111190310001
4;HOS;1;03;0;2111190310001
4;HOS;2;;0;2111190310001
4;HOS;2;01;0;2111190310001
4;HOS;2;02;0;2111190310001
4;HOS;2;03;0;2111190310001
4;HOS;3;;0;2111190310001
4;HOS;3;01;0;2111190310001
4;HOS;3;02;0;2111190310001
4;HOS;3;03;0;2111190310001
4;HOS;4;;0;2111190310001
4;HOS;4;01;0;2111190310001
4;HOS;4;02;0;2111190310001
4;HOS;4;03;0;2111190310001
4;HOS;5;;0;2111190310001
4;HOS;5;01;0;2111190310001
4;HOS;5;02;0;2111190310001
4;HOS;5;03;0;2111190310001
4;HOS;6;;0;2111190310001
4;HOS;6;01;0;2111190310001
4;HOS;6;02;0;2111190310001
4;HOS;6;03;0;2111190310001
5;HOS;;;0;2111190310001
5;HOS;;01;0;2111190310001
5;HOS;;02;0;2111190310001
5;HOS;;03;0;2111190310001
5;HOS;0;;0;2111190310001
5;HOS;0;01;0;2111190310001
5;HOS;0;02;0;2111190310001
5;HOS;0;03;0;2111190310001
5;HOS;1;;0;2111190310001
5;HOS;1;01;0;2111190310001
5;HOS;1;02;0;2111190310001
5;HOS;1;03;0;2111190310001
5;HOS;2;;0;2111190310001
5;HOS;2;01;0;2111190310001
5;HOS;2;02;0;2111190310001
5;HOS;2;03;0;2111190310001
5;HOS;3;;0;2111190310001
5;HOS;3;01;0;2111190310001
5;HOS;3;02;0;2111190310001
5;HOS;3;03;0;2111190310001
5;HOS;4;;0;2111190310001
5;HOS;4;01;0;2111190310001
5;HOS;4;02;0;2111190310001
5;HOS;4;03;0;2111190310001
5;HOS;5;;0;2111190310001
5;HOS;5;01;0;2111190310001
5;HOS;5;02;0;2111190310001
5;HOS;5;03;0;2111190310001
5;HOS;6;;0;2111190310001
5;HOS;6;01;0;2111190310001
5;HOS;6;02;0;2111190310001
5;HOS;6;03;0;2111190310001
6;HOS;;;0;2111190310001
6;HOS;;01;0;2111190310001
6;HOS;;02;0;2111190310001
6;HOS;;03;0;2111190310001
6;HOS;0;;0;2111190310001
6;HOS;0;01;0;2111190310001
6;HOS;0;02;0;2111190310001
6;HOS;0;03;0;2111190310001
6;HOS;1;;0;2111190310001
6;HOS;1;01;0;2111190310001
6;HOS;1;02;0;2111190310001
6;HOS;1;03;0;2111190310001
6;HOS;2;;0;2111190310001
6;HOS;2;01;0;2111190310001
6;HOS;2;02;0;2111190310001
6;HOS;2;03;0;2111190310001
6;HOS;3;;0;2111190310001
6;HOS;3;01;0;2111190310001
6;HOS;3;02;0;2111190310001
6;HOS;3;03;0;2111190310001
6;HOS;4;;0;2111190310001
6;HOS;4;01;0;2111190310001
6;HOS;4;02;0;2111190310001
6;HOS;4;03;0;2111190310001
6;HOS;5;;0;2111190310001
6;HOS;5;01;0;2111190310001
6;HOS;5;02;0;2111190310001
6;HOS;5;03;0;2111190310001
6;HOS;6;;0;2111190310001
6;HOS;6;01;0;2111190310001
6;HOS;6;02;0;2111190310001
6;HOS;6;03;0;2111190310001
1;INT;;;0;2111190310001
1;INT;;01;0;2111190310001
1;INT;;02;0;2111190310001
1;INT;;03;0;2111190310001
1;INT;0;;0;2111190310001
1;INT;0;01;0;2111190310001
1;INT;0;02;0;2111190310001
1;INT;0;03;0;2111190310001
1;INT;1;;0;2111190310001
1;INT;1;01;0;2111190310001
1;INT;1;02;0;2111190310001
1;INT;1;03;0;2111190310001
1;INT;2;;0;2111190310001
1;INT;2;01;0;2111190310001
1;INT;2;02;0;2111190310001
1;INT;2;03;0;2111190310001
1;INT;3;;0;2111190310001
1;INT;3;01;0;2111190310001
1;INT;3;02;0;2111190310001
1;INT;3;03;0;2111190310001
1;INT;4;;0;2111190310001
1;INT;4;01;0;2111190310001
1;INT;4;02;0;2111190310001
1;INT;4;03;0;2111190310001
1;INT;5;;0;2111190310001
1;INT;5;01;0;2111190310001
1;INT;5;02;0;2111190310001
1;INT;5;03;0;2111190310001
1;INT;6;;0;2111190310001
1;INT;6;01;0;2111190310001
1;INT;6;02;0;2111190310001
1;INT;6;03;0;2111190310001
2;INT;;;0;2111190310001
2;INT;;01;0;2111190310001
2;INT;;02;0;2111190310001
2;INT;;03;0;2111190310001
2;INT;0;;0;2111190310001
2;INT;0;01;0;2111190310001
2;INT;0;02;0;2111190310001
2;INT;0;03;0;2111190310001
2;INT;1;;0;2111190310001
2;INT;1;01;0;2111190310001
2;INT;1;02;0;2111190310001
2;INT;1;03;0;2111190310001
2;INT;2;;0;2111190310001
2;INT;2;01;0;2111190310001
2;INT;2;02;0;2111190310001
2;INT;2;03;0;2111190310001
2;INT;3;;0;2111190310001
2;INT;3;01;0;2111190310001
2;INT;3;02;0;2111190310001
2;INT;3;03;0;2111190310001
2;INT;4;;0;2111190310001
2;INT;4;01;0;2111190310001
2;INT;4;02;0;2111190310001
2;INT;4;03;0;2111190310001
2;INT;5;;0;2111190310001
2;INT;5;01;0;2111190310001
2;INT;5;02;0;2111190310001
2;INT;5;03;0;2111190310001
2;INT;6;;0;2111190310001
2;INT;6;01;0;2111190310001
2;INT;6;02;0;2111190310001
2;INT;6;03;0;2111190310001
3;INT;;;0;2111190310001
3;INT;;01;0;2111190310001
3;INT;;02;0;2111190310001
3;INT;;03;0;2111190310001
3;INT;0;;0;2111190310001
3;INT;0;01;0;2111190310001
3;INT;0;02;0;2111190310001
3;INT;0;03;0;2111190310001
3;INT;1;;0;2111190310001
3;INT;1;01;0;2111190310001
3;INT;1;02;0;2111190310001
3;INT;1;03;0;2111190310001
3;INT;2;;0;2111190310001
3;INT;2;01;0;2111190310001
3;INT;2;02;0;2111190310001
3;INT;2;03;0;2111190310001
3;INT;3;;0;2111190310001
3;INT;3;01;0;2111190310001
3;INT;3;02;0;2111190310001
3;INT;3;03;0;2111190310001
3;INT;4;;0;2111190310001
3;INT;4;01;0;2111190310001
3;INT;4;02;0;2111190310001
3;INT;4;03;0;2111190310001
3;INT;5;;0;2111190310001
3;INT;5;01;0;2111190310001
3;INT;5;02;0;2111190310001
3;INT;5;03;0;2111190310001
3;INT;6;;0;2111190310001
3;INT;6;01;0;2111190310001
3;INT;6;02;0;2111190310001
3;INT;6;03;0;2111190310001
4;INT;;;0;2111190310001
4;INT;;01;0;2111190310001
4;INT;;02;0;2111190310001
4;INT;;03;0;2111190310001
4;INT;0;;0;2111190310001
4;INT;0;01;0;2111190310001
4;INT;0;02;0;2111190310001
4;INT;0;03;0;2111190310001
4;INT;1;;0;2111190310001
4;INT;1;01;0;2111190310001
4;INT;1;02;0;2111190310001
4;INT;1;03;0;2111190310001
4;INT;2;;0;2111190310001
4;INT;2;01;0;2111190310001
4;INT;2;02;0;2111190310001
4;INT;2;03;0;2111190310001
4;INT;3;;0;2111190310001
4;INT;3;01;0;2111190310001
4;INT;3;02;0;2111190310001
4;INT;3;03;0;2111190310001
4;INT;4;;0;2111190310001
4;INT;4;01;0;2111190310001
4;INT;4;02;0;2111190310001
4;INT;4;03;0;2111190310001
4;INT;5;;0;2111190310001
4;INT;5;01;0;2111190310001
4;INT;5;02;0;2111190310001
4;INT;5;03;0;2111190310001
4;INT;6;;0;2111190310001
4;INT;6;01;0;2111190310001
4;INT;6;02;0;2111190310001
4;INT;6;03;0;2111190310001
5;INT;;;0;2111190310001
5;INT;;01;0;2111190310001
5;INT;;02;0;2111190310001
5;INT;;03;0;2111190310001
5;INT;0;;0;2111190310001
5;INT;0;01;0;2111190310001
5;INT;0;02;0;2111190310001
5;INT;0;03;0;2111190310001
5;INT;1;;0;2111190310001
5;INT;1;01;0;2111190310001
5;INT;1;02;0;2111190310001
5;INT;1;03;0;2111190310001
5;INT;2;;0;2111190310001
5;INT;2;01;0;2111190310001
5;INT;2;02;0;2111190310001
5;INT;2;03;0;2111190310001
5;INT;3;;0;2111190310001
5;INT;3;01;0;2111190310001
5;INT;3;02;0;2111190310001
5;INT;3;03;0;2111190310001
5;INT;4;;0;2111190310001
5;INT;4;01;0;2111190310001
5;INT;4;02;0;2111190310001
5;INT;4;03;0;2111190310001
5;INT;5;;0;2111190310001
5;INT;5;01;0;2111190310001
5;INT;5;02;0;2111190310001
5;INT;5;03;0;2111190310001
5;INT;6;;0;2111190310001
5;INT;6;01;0;2111190310001
5;INT;6;02;0;2111190310001
5;INT;6;03;0;2111190310001
6;INT;;;0;2111190310001
6;INT;;01;0;2111190310001
6;INT;;02;0;2111190310001
6;INT;;03;0;2111190310001
6;INT;0;;0;2111190310001
6;INT;0;01;0;2111190310001
6;INT;0;02;0;2111190310001
6;INT;0;03;0;2111190310001
6;INT;1;;0;2111190310001
6;INT;1;01;0;2111190310001
6;INT;1;02;0;2111190310001
6;INT;1;03;0;2111190310001
6;INT;2;;0;2111190310001
6;INT;2;01;0;2111190310001
6;INT;2;02;0;2111190310001
6;INT;2;03;0;2111190310001
6;INT;3;;0;2111190310001
6;INT;3;01;0;2111190310001
6;INT;3;02;0;2111190310001
6;INT;3;03;0;2111190310001
6;INT;4;;0;2111190310001
6;INT;4;01;0;2111190310001
6;INT;4;02;0;2111190310001
6;INT;4;03;0;2111190310001
6;INT;5;;0;2111190310001
6;INT;5;01;0;2111190310001
6;INT;5;02;0;2111190310001
6;INT;5;03;0;2111190310001
6;INT;6;;0;2111190310001
6;INT;6;01;0;2111190310001
6;INT;6;02;0;2111190310001
6;INT;6;03;0;2111190310001
1;LAB;;;0;2111190310001
1;LAB;;01;0;2111190310001
1;LAB;;02;0;2111190310001
1;LAB;;03;0;2111190310001
1;LAB;0;;0;2111190310001
1;LAB;0;01;0;2111190310001
1;LAB;0;02;0;2111190310001
1;LAB;0;03;0;2111190310001
1;LAB;1;;0;2111190310001
1;LAB;1;01;0;2111190310001
1;LAB;1;02;0;2111190310001
1;LAB;1;03;0;2111190310001
1;LAB;2;;0;2111190310001
1;LAB;2;01;0;2111190310001
1;LAB;2;02;0;2111190310001
1;LAB;2;03;0;2111190310001
1;LAB;3;;0;2111190310001
1;LAB;3;01;0;2111190310001
1;LAB;3;02;0;2111190310001
1;LAB;3;03;0;2111190310001
1;LAB;4;;0;2111190310001
1;LAB;4;01;0;2111190310001
1;LAB;4;02;0;2111190310001
1;LAB;4;03;0;2111190310001
1;LAB;5;;0;2111190310001
1;LAB;5;01;0;2111190310001
1;LAB;5;02;0;2111190310001
1;LAB;5;03;0;2111190310001
1;LAB;6;;0;2111190310001
1;LAB;6;01;0;2111190310001
1;LAB;6;02;0;2111190310001
1;LAB;6;03;0;2111190310001
2;LAB;;;0;2111190310001
2;LAB;;01;0;2111190310001
2;LAB;;02;0;2111190310001
2;LAB;;03;0;2111190310001
2;LAB;0;;0;2111190310001
2;LAB;0;01;0;2111190310001
2;LAB;0;02;0;2111190310001
2;LAB;0;03;0;2111190310001
2;LAB;1;;0;2111190310001
2;LAB;1;01;0;2111190310001
2;LAB;1;02;0;2111190310001
2;LAB;1;03;0;2111190310001
2;LAB;2;;0;2111190310001
2;LAB;2;01;0;2111190310001
2;LAB;2;02;0;2111190310001
2;LAB;2;03;0;2111190310001
2;LAB;3;;0;2111190310001
2;LAB;3;01;0;2111190310001
2;LAB;3;02;0;2111190310001
2;LAB;3;03;0;2111190310001
2;LAB;4;;0;2111190310001
2;LAB;4;01;0;2111190310001
2;LAB;4;02;0;2111190310001
2;LAB;4;03;0;2111190310001
2;LAB;5;;0;2111190310001
2;LAB;5;01;0;2111190310001
2;LAB;5;02;0;2111190310001
2;LAB;5;03;0;2111190310001
2;LAB;6;;0;2111190310001
2;LAB;6;01;0;2111190310001
2;LAB;6;02;0;2111190310001
2;LAB;6;03;0;2111190310001
3;LAB;;;0;2111190310001
3;LAB;;01;0;2111190310001
3;LAB;;02;0;2111190310001
3;LAB;;03;0;2111190310001
3;LAB;0;;0;2111190310001
3;LAB;0;01;0;2111190310001
3;LAB;0;02;0;2111190310001
3;LAB;0;03;0;2111190310001
3;LAB;1;;0;2111190310001
3;LAB;1;01;0;2111190310001
3;LAB;1;02;0;2111190310001
3;LAB;1;03;0;2111190310001
3;LAB;2;;0;2111190310001
3;LAB;2;01;0;2111190310001
3;LAB;2;02;0;2111190310001
3;LAB;2;03;0;2111190310001
3;LAB;3;;0;2111190310001
3;LAB;3;01;0;2111190310001
3;LAB;3;02;0;2111190310001
3;LAB;3;03;0;2111190310001
3;LAB;4;;0;2111190310001
3;LAB;4;01;0;2111190310001
3;LAB;4;02;0;2111190310001
3;LAB;4;03;0;2111190310001
3;LAB;5;;0;2111190310001
3;LAB;5;01;0;2111190310001
3;LAB;5;02;0;2111190310001
3;LAB;5;03;0;2111190310001
3;LAB;6;;0;2111190310001
3;LAB;6;01;0;2111190310001
3;LAB;6;02;0;2111190310001
3;LAB;6;03;0;2111190310001
4;LAB;;;0;2111190310001
4;LAB;;01;0;2111190310001
4;LAB;;02;0;2111190310001
4;LAB;;03;0;2111190310001
4;LAB;0;;0;2111190310001
4;LAB;0;01;0;2111190310001
4;LAB;0;02;0;2111190310001
4;LAB;0;03;0;2111190310001
4;LAB;1;;0;2111190310001
4;LAB;1;01;0;2111190310001
4;LAB;1;02;0;2111190310001
4;LAB;1;03;0;2111190310001
4;LAB;2;;0;2111190310001
4;LAB;2;01;0;2111190310001
4;LAB;2;02;0;2111190310001
4;LAB;2;03;0;2111190310001
4;LAB;3;;0;2111190310001
4;LAB;3;01;0;2111190310001
4;LAB;3;02;0;2111190310001
4;LAB;3;03;0;2111190310001
4;LAB;4;;0;2111190310001
4;LAB;4;01;0;2111190310001
4;LAB;4;02;0;2111190310001
4;LAB;4;03;0;2111190310001
4;LAB;5;;0;2111190310001
4;LAB;5;01;0;2111190310001
4;LAB;5;02;0;2111190310001
4;LAB;5;03;0;2111190310001
4;LAB;6;;0;2111190310001
4;LAB;6;01;0;2111190310001
4;LAB;6;02;0;2111190310001
4;LAB;6;03;0;2111190310001
5;LAB;;;0;2111190310001
5;LAB;;01;0;2111190310001
5;LAB;;02;0;2111190310001
5;LAB;;03;0;2111190310001
5;LAB;0;;0;2111190310001
5;LAB;0;01;0;2111190310001
5;LAB;0;02;0;2111190310001
5;LAB;0;03;0;2111190310001
5;LAB;1;;0;2111190310001
5;LAB;1;01;0;2111190310001
5;LAB;1;02;0;2111190310001
5;LAB;1;03;0;2111190310001
5;LAB;2;;0;2111190310001
5;LAB;2;01;0;2111190310001
5;LAB;2;02;0;2111190310001
5;LAB;2;03;0;2111190310001
5;LAB;3;;0;2111190310001
5;LAB;3;01;0;2111190310001
5;LAB;3;02;0;2111190310001
5;LAB;3;03;0;2111190310001
5;LAB;4;;0;2111190310001
5;LAB;4;01;0;2111190310001
5;LAB;4;02;0;2111190310001
5;LAB;4;03;0;2111190310001
5;LAB;5;;0;2111190310001
5;LAB;5;01;0;2111190310001
5;LAB;5;02;0;2111190310001
5;LAB;5;03;0;2111190310001
5;LAB;6;;0;2111190310001
5;LAB;6;01;0;2111190310001
5;LAB;6;02;0;2111190310001
5;LAB;6;03;0;2111190310001
6;LAB;;;0;2111190310001
6;LAB;;01;0;2111190310001
6;LAB;;02;0;2111190310001
6;LAB;;03;0;2111190310001
6;LAB;0;;0;2111190310001
6;LAB;0;01;0;2111190310001
6;LAB;0;02;0;2111190310001
6;LAB;0;03;0;2111190310001
6;LAB;1;;0;2111190310001
6;LAB;1;01;0;2111190310001
6;LAB;1;02;0;2111190310001
6;LAB;1;03;0;2111190310001
6;LAB;2;;0;2111190310001
6;LAB;2;01;0;2111190310001
6;LAB;2;02;0;2111190310001
6;LAB;2;03;0;2111190310001
6;LAB;3;;0;2111190310001
6;LAB;3;01;0;2111190310001
6;LAB;3;02;0;2111190310001
6;LAB;3;03;0;2111190310001
6;LAB;4;;0;2111190310001
6;LAB;4;01;0;2111190310001
6;LAB;4;02;0;2111190310001
6;LAB;4;03;0;2111190310001
6;LAB;5;;0;2111190310001
6;LAB;5;01;0;2111190310001
6;LAB;5;02;0;2111190310001
6;LAB;5;03;0;2111190310001
6;LAB;6;;0;2111190310001
6;LAB;6;01;0;2111190310001
6;LAB;6;02;0;2111190310001
6;LAB;6;03;0;2111190310001
1;MED;;;0;2111190310001
1;MED;;01;0;2111190310001
1;MED;;02;0;2111190310001
1;MED;;03;0;2111190310001
1;MED;0;;0;2111190310001
1;MED;0;01;0;2111190310001
1;MED;0;02;0;2111190310001
1;MED;0;03;0;2111190310001
1;MED;1;;0;2111190310001
1;MED;1;01;0;2111190310001
1;MED;1;02;0;2111190310001
1;MED;1;03;0;2111190310001
1;MED;2;;0;2111190310001
1;MED;2;01;0;2111190310001
1;MED;2;02;0;2111190310001
1;MED;2;03;0;2111190310001
1;MED;3;;0;2111190310001
1;MED;3;01;0;2111190310001
1;MED;3;02;0;2111190310001
1;MED;3;03;0;2111190310001
1;MED;4;;0;2111190310001
1;MED;4;01;0;2111190310001
1;MED;4;02;0;2111190310001
1;MED;4;03;0;2111190310001
1;MED;5;;0;2111190310001
1;MED;5;01;0;2111190310001
1;MED;5;02;0;2111190310001
1;MED;5;03;0;2111190310001
1;MED;6;;0;2111190310001
1;MED;6;01;0;2111190310001
1;MED;6;02;0;2111190310001
1;MED;6;03;0;2111190310001
2;MED;;;0;2111190310001
2;MED;;01;0;2111190310001
2;MED;;02;0;2111190310001
2;MED;;03;0;2111190310001
2;MED;0;;0;2111190310001
2;MED;0;01;0;2111190310001
2;MED;0;02;0;2111190310001
2;MED;0;03;0;2111190310001
2;MED;1;;0;2111190310001
2;MED;1;01;0;2111190310001
2;MED;1;02;0;2111190310001
2;MED;1;03;0;2111190310001
2;MED;2;;0;2111190310001
2;MED;2;01;0;2111190310001
2;MED;2;02;0;2111190310001
2;MED;2;03;0;2111190310001
2;MED;3;;0;2111190310001
2;MED;3;01;0;2111190310001
2;MED;3;02;0;2111190310001
2;MED;3;03;0;2111190310001
2;MED;4;;0;2111190310001
2;MED;4;01;0;2111190310001
2;MED;4;02;0;2111190310001
2;MED;4;03;0;2111190310001
2;MED;5;;0;2111190310001
2;MED;5;01;0;2111190310001
2;MED;5;02;0;2111190310001
2;MED;5;03;0;2111190310001
2;MED;6;;0;2111190310001
2;MED;6;01;0;2111190310001
2;MED;6;02;0;2111190310001
2;MED;6;03;0;2111190310001
3;MED;;;0;2111190310001
3;MED;;01;0;2111190310001
3;MED;;02;0;2111190310001
3;MED;;03;0;2111190310001
3;MED;0;;0;2111190310001
3;MED;0;01;0;2111190310001
3;MED;0;02;0;2111190310001
3;MED;0;03;0;2111190310001
3;MED;1;;0;2111190310001
3;MED;1;01;0;2111190310001
3;MED;1;02;0;2111190310001
3;MED;1;03;0;2111190310001
3;MED;2;;0;2111190310001
3;MED;2;01;0;2111190310001
3;MED;2;02;0;2111190310001
3;MED;2;03;0;2111190310001
3;MED;3;;0;2111190310001
3;MED;3;01;0;2111190310001
3;MED;3;02;0;2111190310001
3;MED;3;03;0;2111190310001
3;MED;4;;0;2111190310001
3;MED;4;01;0;2111190310001
3;MED;4;02;0;2111190310001
3;MED;4;03;0;2111190310001
3;MED;5;;0;2111190310001
3;MED;5;01;0;2111190310001
3;MED;5;02;0;2111190310001
3;MED;5;03;0;2111190310001
3;MED;6;;0;2111190310001
3;MED;6;01;0;2111190310001
3;MED;6;02;0;2111190310001
3;MED;6;03;0;2111190310001
4;MED;;;0;2111190310001
4;MED;;01;0;2111190310001
4;MED;;02;0;2111190310001
4;MED;;03;0;2111190310001
4;MED;0;;0;2111190310001
4;MED;0;01;0;2111190310001
4;MED;0;02;0;2111190310001
4;MED;0;03;0;2111190310001
4;MED;1;;0;2111190310001
4;MED;1;01;0;2111190310001
4;MED;1;02;0;2111190310001
4;MED;1;03;0;2111190310001
4;MED;2;;0;2111190310001
4;MED;2;01;0;2111190310001
4;MED;2;02;0;2111190310001
4;MED;2;03;0;2111190310001
4;MED;3;;0;2111190310001
4;MED;3;01;0;2111190310001
4;MED;3;02;0;2111190310001
4;MED;3;03;0;2111190310001
4;MED;4;;0;2111190310001
4;MED;4;01;0;2111190310001
4;MED;4;02;0;2111190310001
4;MED;4;03;0;2111190310001
4;MED;5;;0;2111190310001
4;MED;5;01;0;2111190310001
4;MED;5;02;0;2111190310001
4;MED;5;03;0;2111190310001
4;MED;6;;0;2111190310001
4;MED;6;01;0;2111190310001
4;MED;6;02;0;2111190310001
4;MED;6;03;0;2111190310001
5;MED;;;0;2111190310001
5;MED;;01;0;2111190310001
5;MED;;02;0;2111190310001
5;MED;;03;0;2111190310001
5;MED;0;;0;2111190310001
5;MED;0;01;0;2111190310001
5;MED;0;02;0;2111190310001
5;MED;0;03;0;2111190310001
5;MED;1;;0;2111190310001
5;MED;1;01;0;2111190310001
5;MED;1;02;0;2111190310001
5;MED;1;03;0;2111190310001
5;MED;2;;0;2111190310001
5;MED;2;01;0;2111190310001
5;MED;2;02;0;2111190310001
5;MED;2;03;0;2111190310001
5;MED;3;;0;2111190310001
5;MED;3;01;0;2111190310001
5;MED;3;02;0;2111190310001
5;MED;3;03;0;2111190310001
5;MED;4;;0;2111190310001
5;MED;4;01;0;2111190310001
5;MED;4;02;0;2111190310001
5;MED;4;03;0;2111190310001
5;MED;5;;0;2111190310001
5;MED;5;01;0;2111190310001
5;MED;5;02;0;2111190310001
5;MED;5;03;0;2111190310001
5;MED;6;;0;2111190310001
5;MED;6;01;0;2111190310001
5;MED;6;02;0;2111190310001
5;MED;6;03;0;2111190310001
6;MED;;;0;2111190310001
6;MED;;01;0;2111190310001
6;MED;;02;0;2111190310001
6;MED;;03;0;2111190310001
6;MED;0;;0;2111190310001
6;MED;0;01;0;2111190310001
6;MED;0;02;0;2111190310001
6;MED;0;03;0;2111190310001
6;MED;1;;0;2111190310001
6;MED;1;01;0;2111190310001
6;MED;1;02;0;2111190310001
6;MED;1;03;0;2111190310001
6;MED;2;;0;2111190310001
6;MED;2;01;0;2111190310001
6;MED;2;02;0;2111190310001
6;MED;2;03;0;2111190310001
6;MED;3;;0;2111190310001
6;MED;3;01;0;2111190310001
6;MED;3;02;0;2111190310001
6;MED;3;03;0;2111190310001
6;MED;4;;0;2111190310001
6;MED;4;01;0;2111190310001
6;MED;4;02;0;2111190310001
6;MED;4;03;0;2111190310001
6;MED;5;;0;2111190310001
6;MED;5;01;0;2111190310001
6;MED;5;02;0;2111190310001
6;MED;5;03;0;2111190310001
6;MED;6;;0;2111190310001
6;MED;6;01;0;2111190310001
6;MED;6;02;0;2111190310001
6;MED;6;03;0;2111190310001
1;OPE;;;0;2111190310001
1;OPE;;01;0;2111190310001
1;OPE;;02;0;2111190310001
1;OPE;;03;0;2111190310001
1;OPE;0;;0;2111190310001
1;OPE;0;01;0;2111190310001
1;OPE;0;02;0;2111190310001
1;OPE;0;03;0;2111190310001
1;OPE;1;;0;2111190310001
1;OPE;1;01;0;2111190310001
1;OPE;1;02;0;2111190310001
1;OPE;1;03;0;2111190310001
1;OPE;2;;0;2111190310001
1;OPE;2;01;0;2111190310001
1;OPE;2;02;0;2111190310001
1;OPE;2;03;0;2111190310001
1;OPE;3;;0;2111190310001
1;OPE;3;01;0;2111190310001
1;OPE;3;02;0;2111190310001
1;OPE;3;03;0;2111190310001
1;OPE;4;;0;2111190310001
1;OPE;4;01;0;2111190310001
1;OPE;4;02;0;2111190310001
1;OPE;4;03;0;2111190310001
1;OPE;5;;0;2111190310001
1;OPE;5;01;0;2111190310001
1;OPE;5;02;0;2111190310001
1;OPE;5;03;0;2111190310001
1;OPE;6;;0;2111190310001
1;OPE;6;01;0;2111190310001
1;OPE;6;02;0;2111190310001
1;OPE;6;03;0;2111190310001
2;OPE;;;0;2111190310001
2;OPE;;01;0;2111190310001
2;OPE;;02;0;2111190310001
2;OPE;;03;0;2111190310001
2;OPE;0;;0;2111190310001
2;OPE;0;01;0;2111190310001
2;OPE;0;02;0;2111190310001
2;OPE;0;03;0;2111190310001
2;OPE;1;;0;2111190310001
2;OPE;1;01;0;2111190310001
2;OPE;1;02;0;2111190310001
2;OPE;1;03;0;2111190310001
2;OPE;2;;0;2111190310001
2;OPE;2;01;0;2111190310001
2;OPE;2;02;0;2111190310001
2;OPE;2;03;0;2111190310001
2;OPE;3;;0;2111190310001
2;OPE;3;01;0;2111190310001
2;OPE;3;02;0;2111190310001
2;OPE;3;03;0;2111190310001
2;OPE;4;;0;2111190310001
2;OPE;4;01;0;2111190310001
2;OPE;4;02;0;2111190310001
2;OPE;4;03;0;2111190310001
2;OPE;5;;0;2111190310001
2;OPE;5;01;0;2111190310001
2;OPE;5;02;0;2111190310001
2;OPE;5;03;0;2111190310001
2;OPE;6;;0;2111190310001
2;OPE;6;01;0;2111190310001
2;OPE;6;02;0;2111190310001
2;OPE;6;03;0;2111190310001
3;OPE;;;0;2111190310001
3;OPE;;01;0;2111190310001
3;OPE;;02;0;2111190310001
3;OPE;;03;0;2111190310001
3;OPE;0;;0;2111190310001
3;OPE;0;01;0;2111190310001
3;OPE;0;02;0;2111190310001
3;OPE;0;03;0;2111190310001
3;OPE;1;;0;2111190310001
3;OPE;1;01;0;2111190310001
3;OPE;1;02;0;2111190310001
3;OPE;1;03;0;2111190310001
3;OPE;2;;0;2111190310001
3;OPE;2;01;0;2111190310001
3;OPE;2;02;0;2111190310001
3;OPE;2;03;0;2111190310001
3;OPE;3;;0;2111190310001
3;OPE;3;01;0;2111190310001
3;OPE;3;02;0;2111190310001
3;OPE;3;03;0;2111190310001
3;OPE;4;;0;2111190310001
3;OPE;4;01;0;2111190310001
3;OPE;4;02;0;2111190310001
3;OPE;4;03;0;2111190310001
3;OPE;5;;0;2111190310001
3;OPE;5;01;0;2111190310001
3;OPE;5;02;0;2111190310001
3;OPE;5;03;0;2111190310001
3;OPE;6;;0;2111190310001
3;OPE;6;01;0;2111190310001
3;OPE;6;02;0;2111190310001
3;OPE;6;03;0;2111190310001
4;OPE;;;0;2111190310001
4;OPE;;01;0;2111190310001
4;OPE;;02;0;2111190310001
4;OPE;;03;0;2111190310001
4;OPE;0;;0;2111190310001
4;OPE;0;01;0;2111190310001
4;OPE;0;02;0;2111190310001
4;OPE;0;03;0;2111190310001
4;OPE;1;;0;2111190310001
4;OPE;1;01;0;2111190310001
4;OPE;1;02;0;2111190310001
4;OPE;1;03;0;2111190310001
4;OPE;2;;0;2111190310001
4;OPE;2;01;0;2111190310001
4;OPE;2;02;0;2111190310001
4;OPE;2;03;0;2111190310001
4;OPE;3;;0;2111190310001
4;OPE;3;01;0;2111190310001
4;OPE;3;02;0;2111190310001
4;OPE;3;03;0;2111190310001
4;OPE;4;;0;2111190310001
4;OPE;4;01;0;2111190310001
4;OPE;4;02;0;2111190310001
4;OPE;4;03;0;2111190310001
4;OPE;5;;0;2111190310001
4;OPE;5;01;0;2111190310001
4;OPE;5;02;0;2111190310001
4;OPE;5;03;0;2111190310001
4;OPE;6;;0;2111190310001
4;OPE;6;01;0;2111190310001
4;OPE;6;02;0;2111190310001
4;OPE;6;03;0;2111190310001
5;OPE;;;0;2111190310001
5;OPE;;01;0;2111190310001
5;OPE;;02;0;2111190310001
5;OPE;;03;0;2111190310001
5;OPE;0;;0;2111190310001
5;OPE;0;01;0;2111190310001
5;OPE;0;02;0;2111190310001
5;OPE;0;03;0;2111190310001
5;OPE;1;;0;2111190310001
5;OPE;1;01;0;2111190310001
5;OPE;1;02;0;2111190310001
5;OPE;1;03;0;2111190310001
5;OPE;2;;0;2111190310001
5;OPE;2;01;0;2111190310001
5;OPE;2;02;0;2111190310001
5;OPE;2;03;0;2111190310001
5;OPE;3;;0;2111190310001
5;OPE;3;01;0;2111190310001
5;OPE;3;02;0;2111190310001
5;OPE;3;03;0;2111190310001
5;OPE;4;;0;2111190310001
5;OPE;4;01;0;2111190310001
5;OPE;4;02;0;2111190310001
5;OPE;4;03;0;2111190310001
5;OPE;5;;0;2111190310001
5;OPE;5;01;0;2111190310001
5;OPE;5;02;0;2111190310001
5;OPE;5;03;0;2111190310001
5;OPE;6;;0;2111190310001
5;OPE;6;01;0;2111190310001
5;OPE;6;02;0;2111190310001
5;OPE;6;03;0;2111190310001
6;OPE;;;0;2111190310001
6;OPE;;01;0;2111190310001
6;OPE;;02;0;2111190310001
6;OPE;;03;0;2111190310001
6;OPE;0;;0;2111190310001
6;OPE;0;01;0;2111190310001
6;OPE;0;02;0;2111190310001
6;OPE;0;03;0;2111190310001
6;OPE;1;;0;2111190310001
6;OPE;1;01;0;2111190310001
6;OPE;1;02;0;2111190310001
6;OPE;1;03;0;2111190310001
6;OPE;2;;0;2111190310001
6;OPE;2;01;0;2111190310001
6;OPE;2;02;0;2111190310001
6;OPE;2;03;0;2111190310001
6;OPE;3;;0;2111190310001
6;OPE;3;01;0;2111190310001
6;OPE;3;02;0;2111190310001
6;OPE;3;03;0;2111190310001
6;OPE;4;;0;2111190310001
6;OPE;4;01;0;2111190310001
6;OPE;4;02;0;2111190310001
6;OPE;4;03;0;2111190310001
6;OPE;5;;0;2111190310001
6;OPE;5;01;0;2111190310001
6;OPE;5;02;0;2111190310001
6;OPE;5;03;0;2111190310001
6;OPE;6;;0;2111190310001
6;OPE;6;01;0;2111190310001
6;OPE;6;02;0;2111190310001
6;OPE;6;03;0;2111190310001
1;OPM;;;0;2111190310001
1;OPM;;01;0;2111190310001
1;OPM;;02;0;2111190310001
1;OPM;;03;0;2111190310001
1;OPM;0;;0;2111190310001
1;OPM;0;01;0;2111190310001
1;OPM;0;02;0;2111190310001
1;OPM;0;03;0;2111190310001
1;OPM;1;;0;2111190310001
1;OPM;1;01;0;2111190310001
1;OPM;1;02;0;2111190310001
1;OPM;1;03;0;2111190310001
1;OPM;2;;0;2111190310001
1;OPM;2;01;0;2111190310001
1;OPM;2;02;0;2111190310001
1;OPM;2;03;0;2111190310001
1;OPM;3;;0;2111190310001
1;OPM;3;01;0;2111190310001
1;OPM;3;02;0;2111190310001
1;OPM;3;03;0;2111190310001
1;OPM;4;;0;2111190310001
1;OPM;4;01;0;2111190310001
1;OPM;4;02;0;2111190310001
1;OPM;4;03;0;2111190310001
1;OPM;5;;0;2111190310001
1;OPM;5;01;0;2111190310001
1;OPM;5;02;0;2111190310001
1;OPM;5;03;0;2111190310001
1;OPM;6;;0;2111190310001
1;OPM;6;01;0;2111190310001
1;OPM;6;02;0;2111190310001
1;OPM;6;03;0;2111190310001
2;OPM;;;0;2111190310001
2;OPM;;01;0;2111190310001
2;OPM;;02;0;2111190310001
2;OPM;;03;0;2111190310001
2;OPM;0;;0;2111190310001
2;OPM;0;01;0;2111190310001
2;OPM;0;02;0;2111190310001
2;OPM;0;03;0;2111190310001
2;OPM;1;;0;2111190310001
2;OPM;1;01;0;2111190310001
2;OPM;1;02;0;2111190310001
2;OPM;1;03;0;2111190310001
2;OPM;2;;0;2111190310001
2;OPM;2;01;0;2111190310001
2;OPM;2;02;0;2111190310001
2;OPM;2;03;0;2111190310001
2;OPM;3;;0;2111190310001
2;OPM;3;01;0;2111190310001
2;OPM;3;02;0;2111190310001
2;OPM;3;03;0;2111190310001
2;OPM;4;;0;2111190310001
2;OPM;4;01;0;2111190310001
2;OPM;4;02;0;2111190310001
2;OPM;4;03;0;2111190310001
2;OPM;5;;0;2111190310001
2;OPM;5;01;0;2111190310001
2;OPM;5;02;0;2111190310001
2;OPM;5;03;0;2111190310001
2;OPM;6;;0;2111190310001
2;OPM;6;01;0;2111190310001
2;OPM;6;02;0;2111190310001
2;OPM;6;03;0;2111190310001
3;OPM;;;0;2111190310001
3;OPM;;01;0;2111190310001
3;OPM;;02;0;2111190310001
3;OPM;;03;0;2111190310001
3;OPM;0;;0;2111190310001
3;OPM;0;01;0;2111190310001
3;OPM;0;02;0;2111190310001
3;OPM;0;03;0;2111190310001
3;OPM;1;;0;2111190310001
3;OPM;1;01;0;2111190310001
3;OPM;1;02;0;2111190310001
3;OPM;1;03;0;2111190310001
3;OPM;2;;0;2111190310001
3;OPM;2;01;0;2111190310001
3;OPM;2;02;0;2111190310001
3;OPM;2;03;0;2111190310001
3;OPM;3;;0;2111190310001
3;OPM;3;01;0;2111190310001
3;OPM;3;02;0;2111190310001
3;OPM;3;03;0;2111190310001
3;OPM;4;;0;2111190310001
3;OPM;4;01;0;2111190310001
3;OPM;4;02;0;2111190310001
3;OPM;4;03;0;2111190310001
3;OPM;5;;0;2111190310001
3;OPM;5;01;0;2111190310001
3;OPM;5;02;0;2111190310001
3;OPM;5;03;0;2111190310001
3;OPM;6;;0;2111190310001
3;OPM;6;01;0;2111190310001
3;OPM;6;02;0;2111190310001
3;OPM;6;03;0;2111190310001
4;OPM;;;0;2111190310001
4;OPM;;01;0;2111190310001
4;OPM;;02;0;2111190310001
4;OPM;;03;0;2111190310001
4;OPM;0;;0;2111190310001
4;OPM;0;01;0;2111190310001
4;OPM;0;02;0;2111190310001
4;OPM;0;03;0;2111190310001
4;OPM;1;;0;2111190310001
4;OPM;1;01;0;2111190310001
4;OPM;1;02;0;2111190310001
4;OPM;1;03;0;2111190310001
4;OPM;2;;0;2111190310001
4;OPM;2;01;0;2111190310001
4;OPM;2;02;0;2111190310001
4;OPM;2;03;0;2111190310001
4;OPM;3;;0;2111190310001
4;OPM;3;01;0;2111190310001
4;OPM;3;02;0;2111190310001
4;OPM;3;03;0;2111190310001
4;OPM;4;;0;2111190310001
4;OPM;4;01;0;2111190310001
4;OPM;4;02;0;2111190310001
4;OPM;4;03;0;2111190310001
4;OPM;5;;0;2111190310001
4;OPM;5;01;0;2111190310001
4;OPM;5;02;0;2111190310001
4;OPM;5;03;0;2111190310001
4;OPM;6;;0;2111190310001
4;OPM;6;01;0;2111190310001
4;OPM;6;02;0;2111190310001
4;OPM;6;03;0;2111190310001
5;OPM;;;0;2111190310001
5;OPM;;01;0;2111190310001
5;OPM;;02;0;2111190310001
5;OPM;;03;0;2111190310001
5;OPM;0;;0;2111190310001
5;OPM;0;01;0;2111190310001
5;OPM;0;02;0;2111190310001
5;OPM;0;03;0;2111190310001
5;OPM;1;;0;2111190310001
5;OPM;1;01;0;2111190310001
5;OPM;1;02;0;2111190310001
5;OPM;1;03;0;2111190310001
5;OPM;2;;0;2111190310001
5;OPM;2;01;0;2111190310001
5;OPM;2;02;0;2111190310001
5;OPM;2;03;0;2111190310001
5;OPM;3;;0;2111190310001
5;OPM;3;01;0;2111190310001
5;OPM;3;02;0;2111190310001
5;OPM;3;03;0;2111190310001
5;OPM;4;;0;2111190310001
5;OPM;4;01;0;2111190310001
5;OPM;4;02;0;2111190310001
5;OPM;4;03;0;2111190310001
5;OPM;5;;0;2111190310001
5;OPM;5;01;0;2111190310001
5;OPM;5;02;0;2111190310001
5;OPM;5;03;0;2111190310001
5;OPM;6;;0;2111190310001
5;OPM;6;01;0;2111190310001
5;OPM;6;02;0;2111190310001
5;OPM;6;03;0;2111190310001
6;OPM;;;0;2111190310001
6;OPM;;01;0;2111190310001
6;OPM;;02;0;2111190310001
6;OPM;;03;0;2111190310001
6;OPM;0;;0;2111190310001
6;OPM;0;01;0;2111190310001
6;OPM;0;02;0;2111190310001
6;OPM;0;03;0;2111190310001
6;OPM;1;;0;2111190310001
6;OPM;1;01;0;2111190310001
6;OPM;1;02;0;2111190310001
6;OPM;1;03;0;2111190310001
6;OPM;2;;0;2111190310001
6;OPM;2;01;0;2111190310001
6;OPM;2;02;0;2111190310001
6;OPM;2;03;0;2111190310001
6;OPM;3;;0;2111190310001
6;OPM;3;01;0;2111190310001
6;OPM;3;02;0;2111190310001
6;OPM;3;03;0;2111190310001
6;OPM;4;;0;2111190310001
6;OPM;4;01;0;2111190310001
6;OPM;4;02;0;2111190310001
6;OPM;4;03;0;2111190310001
6;OPM;5;;0;2111190310001
6;OPM;5;01;0;2111190310001
6;OPM;5;02;0;2111190310001
6;OPM;5;03;0;2111190310001
6;OPM;6;;0;2111190310001
6;OPM;6;01;0;2111190310001
6;OPM;6;02;0;2111190310001
6;OPM;6;03;0;2111190310001
1;PFN;;;0;2111190310001
1;PFN;;01;0;2111190310001
1;PFN;;02;0;2111190310001
1;PFN;;03;0;2111190310001
1;PFN;0;;0;2111190310001
1;PFN;0;01;0;2111190310001
1;PFN;0;02;0;2111190310001
1;PFN;0;03;0;2111190310001
1;PFN;1;;0;2111190310001
1;PFN;1;01;0;2111190310001
1;PFN;1;02;0;2111190310001
1;PFN;1;03;0;2111190310001
1;PFN;2;;0;2111190310001
1;PFN;2;01;0;2111190310001
1;PFN;2;02;0;2111190310001
1;PFN;2;03;0;2111190310001
1;PFN;3;;0;2111190310001
1;PFN;3;01;0;2111190310001
1;PFN;3;02;0;2111190310001
1;PFN;3;03;0;2111190310001
1;PFN;4;;0;2111190310001
1;PFN;4;01;0;2111190310001
1;PFN;4;02;0;2111190310001
1;PFN;4;03;0;2111190310001
1;PFN;5;;0;2111190310001
1;PFN;5;01;0;2111190310001
1;PFN;5;02;0;2111190310001
1;PFN;5;03;0;2111190310001
1;PFN;6;;0;2111190310001
1;PFN;6;01;0;2111190310001
1;PFN;6;02;0;2111190310001
1;PFN;6;03;0;2111190310001
2;PFN;;;0;2111190310001
2;PFN;;01;0;2111190310001
2;PFN;;02;0;2111190310001
2;PFN;;03;0;2111190310001
2;PFN;0;;0;2111190310001
2;PFN;0;01;0;2111190310001
2;PFN;0;02;0;2111190310001
2;PFN;0;03;0;2111190310001
2;PFN;1;;0;2111190310001
2;PFN;1;01;0;2111190310001
2;PFN;1;02;0;2111190310001
2;PFN;1;03;0;2111190310001
2;PFN;2;;0;2111190310001
2;PFN;2;01;0;2111190310001
2;PFN;2;02;0;2111190310001
2;PFN;2;03;0;2111190310001
2;PFN;3;;0;2111190310001
2;PFN;3;01;0;2111190310001
2;PFN;3;02;0;2111190310001
2;PFN;3;03;0;2111190310001
2;PFN;4;;0;2111190310001
2;PFN;4;01;0;2111190310001
2;PFN;4;02;0;2111190310001
2;PFN;4;03;0;2111190310001
2;PFN;5;;0;2111190310001
2;PFN;5;01;0;2111190310001
2;PFN;5;02;0;2111190310001
2;PFN;5;03;0;2111190310001
2;PFN;6;;0;2111190310001
2;PFN;6;01;0;2111190310001
2;PFN;6;02;0;2111190310001
2;PFN;6;03;0;2111190310001
3;PFN;;;0;2111190310001
3;PFN;;01;0;2111190310001
3;PFN;;02;0;2111190310001
3;PFN;;03;0;2111190310001
3;PFN;0;;0;2111190310001
3;PFN;0;01;0;2111190310001
3;PFN;0;02;0;2111190310001
3;PFN;0;03;0;2111190310001
3;PFN;1;;0;2111190310001
3;PFN;1;01;0;2111190310001
3;PFN;1;02;0;2111190310001
3;PFN;1;03;0;2111190310001
3;PFN;2;;0;2111190310001
3;PFN;2;01;0;2111190310001
3;PFN;2;02;0;2111190310001
3;PFN;2;03;0;2111190310001
3;PFN;3;;0;2111190310001
3;PFN;3;01;0;2111190310001
3;PFN;3;02;0;2111190310001
3;PFN;3;03;0;2111190310001
3;PFN;4;;0;2111190310001
3;PFN;4;01;0;2111190310001
3;PFN;4;02;0;2111190310001
3;PFN;4;03;0;2111190310001
3;PFN;5;;0;2111190310001
3;PFN;5;01;0;2111190310001
3;PFN;5;02;0;2111190310001
3;PFN;5;03;0;2111190310001
3;PFN;6;;0;2111190310001
3;PFN;6;01;0;2111190310001
3;PFN;6;02;0;2111190310001
3;PFN;6;03;0;2111190310001
4;PFN;;;0;2111190310001
4;PFN;;01;0;2111190310001
4;PFN;;02;0;2111190310001
4;PFN;;03;0;2111190310001
4;PFN;0;;0;2111190310001
4;PFN;0;01;0;2111190310001
4;PFN;0;02;0;2111190310001
4;PFN;0;03;0;2111190310001
4;PFN;1;;0;2111190310001
4;PFN;1;01;0;2111190310001
4;PFN;1;02;0;2111190310001
4;PFN;1;03;0;2111190310001
4;PFN;2;;0;2111190310001
4;PFN;2;01;0;2111190310001
4;PFN;2;02;0;2111190310001
4;PFN;2;03;0;2111190310001
4;PFN;3;;0;2111190310001
4;PFN;3;01;0;2111190310001
4;PFN;3;02;0;2111190310001
4;PFN;3;03;0;2111190310001
4;PFN;4;;0;2111190310001
4;PFN;4;01;0;2111190310001
4;PFN;4;02;0;2111190310001
4;PFN;4;03;0;2111190310001
4;PFN;5;;0;2111190310001
4;PFN;5;01;0;2111190310001
4;PFN;5;02;0;2111190310001
4;PFN;5;03;0;2111190310001
4;PFN;6;;0;2111190310001
4;PFN;6;01;0;2111190310001
4;PFN;6;02;0;2111190310001
4;PFN;6;03;0;2111190310001
5;PFN;;;0;2111190310001
5;PFN;;01;0;2111190310001
5;PFN;;02;0;2111190310001
5;PFN;;03;0;2111190310001
5;PFN;0;;0;2111190310001
5;PFN;0;01;0;2111190310001
5;PFN;0;02;0;2111190310001
5;PFN;0;03;0;2111190310001
5;PFN;1;;0;2111190310001
5;PFN;1;01;0;2111190310001
5;PFN;1;02;0;2111190310001
5;PFN;1;03;0;2111190310001
5;PFN;2;;0;2111190310001
5;PFN;2;01;0;2111190310001
5;PFN;2;02;0;2111190310001
5;PFN;2;03;0;2111190310001
5;PFN;3;;0;2111190310001
5;PFN;3;01;0;2111190310001
5;PFN;3;02;0;2111190310001
5;PFN;3;03;0;2111190310001
5;PFN;4;;0;2111190310001
5;PFN;4;01;0;2111190310001
5;PFN;4;02;0;2111190310001
5;PFN;4;03;0;2111190310001
5;PFN;5;;0;2111190310001
5;PFN;5;01;0;2111190310001
5;PFN;5;02;0;2111190310001
5;PFN;5;03;0;2111190310001
5;PFN;6;;0;2111190310001
5;PFN;6;01;0;2111190310001
5;PFN;6;02;0;2111190310001
5;PFN;6;03;0;2111190310001
6;PFN;;;0;2111190310001
6;PFN;;01;0;2111190310001
6;PFN;;02;0;2111190310001
6;PFN;;03;0;2111190310001
6;PFN;0;;0;2111190310001
6;PFN;0;01;0;2111190310001
6;PFN;0;02;0;2111190310001
6;PFN;0;03;0;2111190310001
6;PFN;1;;0;2111190310001
6;PFN;1;01;0;2111190310001
6;PFN;1;02;0;2111190310001
6;PFN;1;03;0;2111190310001
6;PFN;2;;0;2111190310001
6;PFN;2;01;0;2111190310001
6;PFN;2;02;0;2111190310001
6;PFN;2;03;0;2111190310001
6;PFN;3;;0;2111190310001
6;PFN;3;01;0;2111190310001
6;PFN;3;02;0;2111190310001
6;PFN;3;03;0;2111190310001
6;PFN;4;;0;2111190310001
6;PFN;4;01;0;2111190310001
6;PFN;4;02;0;2111190310001
6;PFN;4;03;0;2111190310001
6;PFN;5;;0;2111190310001
6;PFN;5;01;0;2111190310001
6;PFN;5;02;0;2111190310001
6;PFN;5;03;0;2111190310001
6;PFN;6;;0;2111190310001
6;PFN;6;01;0;2111190310001
6;PFN;6;02;0;2111190310001
6;PFN;6;03;0;2111190310001
1;REE;;;0;2111190310001
1;REE;;01;0;2111190310001
1;REE;;02;0;2111190310001
1;REE;;03;0;2111190310001
1;REE;0;;0;2111190310001
1;REE;0;01;0;2111190310001
1;REE;0;02;0;2111190310001
1;REE;0;03;0;2111190310001
1;REE;1;;0;2111190310001
1;REE;1;01;0;2111190310001
1;REE;1;02;0;2111190310001
1;REE;1;03;0;2111190310001
1;REE;2;;0;2111190310001
1;REE;2;01;0;2111190310001
1;REE;2;02;0;2111190310001
1;REE;2;03;0;2111190310001
1;REE;3;;0;2111190310001
1;REE;3;01;0;2111190310001
1;REE;3;02;0;2111190310001
1;REE;3;03;0;2111190310001
1;REE;4;;0;2111190310001
1;REE;4;01;0;2111190310001
1;REE;4;02;0;2111190310001
1;REE;4;03;0;2111190310001
1;REE;5;;0;2111190310001
1;REE;5;01;0;2111190310001
1;REE;5;02;0;2111190310001
1;REE;5;03;0;2111190310001
1;REE;6;;0;2111190310001
1;REE;6;01;0;2111190310001
1;REE;6;02;0;2111190310001
1;REE;6;03;0;2111190310001
2;REE;;;0;2111190310001
2;REE;;01;0;2111190310001
2;REE;;02;0;2111190310001
2;REE;;03;0;2111190310001
2;REE;0;;0;2111190310001
2;REE;0;01;0;2111190310001
2;REE;0;02;0;2111190310001
2;REE;0;03;0;2111190310001
2;REE;1;;0;2111190310001
2;REE;1;01;0;2111190310001
2;REE;1;02;0;2111190310001
2;REE;1;03;0;2111190310001
2;REE;2;;0;2111190310001
2;REE;2;01;0;2111190310001
2;REE;2;02;0;2111190310001
2;REE;2;03;0;2111190310001
2;REE;3;;0;2111190310001
2;REE;3;01;0;2111190310001
2;REE;3;02;0;2111190310001
2;REE;3;03;0;2111190310001
2;REE;4;;0;2111190310001
2;REE;4;01;0;2111190310001
2;REE;4;02;0;2111190310001
2;REE;4;03;0;2111190310001
2;REE;5;;0;2111190310001
2;REE;5;01;0;2111190310001
2;REE;5;02;0;2111190310001
2;REE;5;03;0;2111190310001
2;REE;6;;0;2111190310001
2;REE;6;01;0;2111190310001
2;REE;6;02;0;2111190310001
2;REE;6;03;0;2111190310001
3;REE;;;0;2111190310001
3;REE;;01;0;2111190310001
3;REE;;02;0;2111190310001
3;REE;;03;0;2111190310001
3;REE;0;;0;2111190310001
3;REE;0;01;0;2111190310001
3;REE;0;02;0;2111190310001
3;REE;0;03;0;2111190310001
3;REE;1;;0;2111190310001
3;REE;1;01;0;2111190310001
3;REE;1;02;0;2111190310001
3;REE;1;03;0;2111190310001
3;REE;2;;0;2111190310001
3;REE;2;01;0;2111190310001
3;REE;2;02;0;2111190310001
3;REE;2;03;0;2111190310001
3;REE;3;;0;2111190310001
3;REE;3;01;0;2111190310001
3;REE;3;02;0;2111190310001
3;REE;3;03;0;2111190310001
3;REE;4;;0;2111190310001
3;REE;4;01;0;2111190310001
3;REE;4;02;0;2111190310001
3;REE;4;03;0;2111190310001
3;REE;5;;0;2111190310001
3;REE;5;01;0;2111190310001
3;REE;5;02;0;2111190310001
3;REE;5;03;0;2111190310001
3;REE;6;;0;2111190310001
3;REE;6;01;0;2111190310001
3;REE;6;02;0;2111190310001
3;REE;6;03;0;2111190310001
4;REE;;;0;2111190310001
4;REE;;01;0;2111190310001
4;REE;;02;0;2111190310001
4;REE;;03;0;2111190310001
4;REE;0;;0;2111190310001
4;REE;0;01;0;2111190310001
4;REE;0;02;0;2111190310001
4;REE;0;03;0;2111190310001
4;REE;1;;0;2111190310001
4;REE;1;01;0;2111190310001
4;REE;1;02;0;2111190310001
4;REE;1;03;0;2111190310001
4;REE;2;;0;2111190310001
4;REE;2;01;0;2111190310001
4;REE;2;02;0;2111190310001
4;REE;2;03;0;2111190310001
4;REE;3;;0;2111190310001
4;REE;3;01;0;2111190310001
4;REE;3;02;0;2111190310001
4;REE;3;03;0;2111190310001
4;REE;4;;0;2111190310001
4;REE;4;01;0;2111190310001
4;REE;4;02;0;2111190310001
4;REE;4;03;0;2111190310001
4;REE;5;;0;2111190310001
4;REE;5;01;0;2111190310001
4;REE;5;02;0;2111190310001
4;REE;5;03;0;2111190310001
4;REE;6;;0;2111190310001
4;REE;6;01;0;2111190310001
4;REE;6;02;0;2111190310001
4;REE;6;03;0;2111190310001
5;REE;;;0;2111190310001
5;REE;;01;0;2111190310001
5;REE;;02;0;2111190310001
5;REE;;03;0;2111190310001
5;REE;0;;0;2111190310001
5;REE;0;01;0;2111190310001
5;REE;0;02;0;2111190310001
5;REE;0;03;0;2111190310001
5;REE;1;;0;2111190310001
5;REE;1;01;0;2111190310001
5;REE;1;02;0;2111190310001
5;REE;1;03;0;2111190310001
5;REE;2;;0;2111190310001
5;REE;2;01;0;2111190310001
5;REE;2;02;0;2111190310001
5;REE;2;03;0;2111190310001
5;REE;3;;0;2111190310001
5;REE;3;01;0;2111190310001
5;REE;3;02;0;2111190310001
5;REE;3;03;0;2111190310001
5;REE;4;;0;2111190310001
5;REE;4;01;0;2111190310001
5;REE;4;02;0;2111190310001
5;REE;4;03;0;2111190310001
5;REE;5;;0;2111190310001
5;REE;5;01;0;2111190310001
5;REE;5;02;0;2111190310001
5;REE;5;03;0;2111190310001
5;REE;6;;0;2111190310001
5;REE;6;01;0;2111190310001
5;REE;6;02;0;2111190310001
5;REE;6;03;0;2111190310001
6;REE;;;0;2111190310001
6;REE;;01;0;2111190310001
6;REE;;02;0;2111190310001
6;REE;;03;0;2111190310001
6;REE;0;;0;2111190310001
6;REE;0;01;0;2111190310001
6;REE;0;02;0;2111190310001
6;REE;0;03;0;2111190310001
6;REE;1;;0;2111190310001
6;REE;1;01;0;2111190310001
6;REE;1;02;0;2111190310001
6;REE;1;03;0;2111190310001
6;REE;2;;0;2111190310001
6;REE;2;01;0;2111190310001
6;REE;2;02;0;2111190310001
6;REE;2;03;0;2111190310001
6;REE;3;;0;2111190310001
6;REE;3;01;0;2111190310001
6;REE;3;02;0;2111190310001
6;REE;3;03;0;2111190310001
6;REE;4;;0;2111190310001
6;REE;4;01;0;2111190310001
6;REE;4;02;0;2111190310001
6;REE;4;03;0;2111190310001
6;REE;5;;0;2111190310001
6;REE;5;01;0;2111190310001
6;REE;5;02;0;2111190310001
6;REE;5;03;0;2111190310001
6;REE;6;;0;2111190310001
6;REE;6;01;0;2111190310001
6;REE;6;02;0;2111190310001
6;REE;6;03;0;2111190310001